query_id,query
-2352181619031781062,describe the membrane associated with the thoracic and abdominopelvic cavities
2011707749477822263,where is area code 270 located in the usa
-6965508172729333001,what is the meaning of heroes by david bowie
6332138144051713721,in which country is a proxy war being fought between two arch enemies (india and pakistan)
-2055696026408719906,where is platinum found and how is it obtained
496917402793066531,tennis player who won us open in 1997 and 1998
4994093004859287576,the takeover the break's over jay z
7219440036336307402,who is the designated survivor of the united states
-571534834445825912,who plays alex on the tv show wings
-5064078326092513614,where is kansas located in the united states
6172430280643992607,the boycott of british goods in 1770 led to what percentage reduction of british imports
-2976062285672685706,does minho die in the scorch trials book
1480047205502539560,who plays malcolm winters on the young and the restless
2124352295492529401,what phone did tony stark used in iron man
-3244800817362554571,how many passengers on titanic when it sank
7781704355022902529,who has won the title of miss india 2017
954968589144938204,red skull in captain america the first avenger
-5543714944759702343,movie where guy can't make new memories
5150112855297188095,actress who played cleopatra in carry on film
-3092231883806192513,what are the requirements for the supreme court
-1497981890625176299,which element in group 1 is not an alkaline metal
9101135230293506355,who has the most 3s in the nba
-2205338625431474773,what are the requirements to be prime minister of canada
-4536842610628585109,who gave 3 yellow cards in the world cup
-6761764843985028580,where does the saying peaky blinders come from
1028797810033728533,who is little big town singers married to
5540666517968982951,when did festus become a regular on gunsmoke
3703280324426298904,what great lake did the edmund fitzgerald sank
-2442865684337394227,who is the person sending messages in pretty little liars
4126148159003511733,who were the victims of the oklahoma city bombing
-2521305505386691758,who does elle end up with in the kissing booth
-822553949006445929,when was the last time great britain won eurovision
5801839578057555120,the native cultures of mexico and south america adopted the cultural traditions of
1951479493951351427,when did argentina not qualify for the world cup
-1792454989486574975,who was the one that got away written about
2095868851000293874,which of the following windows does not have start button
1798426811111258959,questions asked in question hour in lok sabha
-1405451862320454324,who plays han solo in the new han solo film
7502069901629226480,where do love bugs go after love bug season
6651189944385663362,which state did great britain take control of from spain at the end of the french and indian war
-6119833092121748654,how many times can you vote for super bowl mvp
-7381244378979412219,where does the water from the riverwalk come from
-7242308647240276276,who is the writer on once upon a time
6564831890314869998,who is dr rice's father in logan
-1394943150870331343,what cities are part of san gabriel valley
5093817843662375750,how many states have a city named lafayette
2468253957036790481,what is the main advantage of carbon-11 compared to fluorine-18 for pet imaging studies
-2586708758942206440,who does matt bomer play in ahs hotel
1470627488685036442,when did the golden compass book come out
8472525452470887644,the undertaker vs triple h end of an era hell in a cell wrestlemania 28
-1145403549341287279,who plays miss stacy in anne with an e
-5057388412561614798,how many species of tiger are there in the world
-4012302128782567626,when does yugioh pyramid of light take place
1294538395468588196,what happened to lil saint in you got served
-3885346578047597198,when did the price of stamps last go up
201453472773773449,when does rick and morty season 3 episode 7 premiere
-7906407800441404875,when did north korea start testing nuclear weapons
2622236211143467560,who is propounder of law of three stages
-6244876626607917492,why do we say god bless you when somebody sneezes
-8137882367253782054,who represents the monarch of britain in canada
-6910806966631211660,the us invaded the caribbean island of to rescue an overthrow government
5674163747252630487,how old was mj when he retired the second time
5142134073430020500,when is it considered a long distance relationship
-2674562260440643111,who is considered the founder of physical therapy
7379114225129932608,who was the chief minister of gujarat in 2002
1530913371644239258,what is the receiver on a bolt action rifle
848904475040969076,whos library formed the basis for library of congress
-6898993418274161278,who plays mitch in she's all that
8778090649980720437,if these trees could talk barren lands of the modern dinosaur
-9123008442408387404,how many episodes last chance u season 2
7769050207007321974,in the princess diaries what happened to her dad
-1566655061390376152,are there any rivers coasts and mountain regions near the amazon rainforest
-6672186049412072307,the decreased use of can help lead to sustainable agriculture
2963199417927263005,who wrote come on up to the house
7980910874583505592,who advances to the next round of the world cup
4169496180352632384,describe any three main features of chemical industry
-8570807618340873824,what are the functions of a formal group
-952204586306457543,who own the factors of production in a market economy
-5825156925510472654,fantastic beasts snd where to find them book
8392303760060765250,where does the last name garrison come from
-3890041448669112933,is wisconsin part of the interstate driver's license compact
-4103408715916564440,who is the issuing authority for indian passport
-7463025213221512839,what animal has it's own festival in thailand
6957461064845570214,who are the members of the guardians of the galaxy
-5137598263138803817,what were the 5 armies in the hobbit movie
-442512034518660385,explain how european and middle eastern nations adjusted to peace after the paris peace conference
-3675810878991634862,how did the first king of england become king
3700071282553996742,when did hollywood become the movie capital of the world
-5465099482760101461,where is hydrogen obtained from in the haber process
-6750302826089369487,who got turned to salt in the bible
-7357669540589948126,degrassi the next generation season 13 episode 12
-4025344254469864448,when does the second round of world cup start
-8097938852143045480,what does delta sigma theta sorority stand for
-4262516564410320859,what two geographic features separated the greek city states
8487243357834037212,how often can a city host the olympics
-7904467013819404209,when did celtic win 9 in a row
3672761191304966351,i want a girl with a short skirt and long jacket meaning
988758777681544455,what is the best image format for transparent background
3813124073038060719,explain the impact of natural resources on brazil's economy
6561008510182150508,when did captain cook land in botany bay
-4570662044584917172,come up and see me make me smile lyrics meaning
150868395801115755,where is ex on the beach series 7 filmed
1619050079092107446,where was the pool scene of the movie cocoon filmed at
-6183603390378662749,last time the mets were in the world series
-8116546778116037497,which situation shows a child's lack of an understanding of identity constancy
-6667092177637302519,who plays mcnulty's wife in the wire
-4688056895195869671,when will season 3 of the ranch be released on netflix
-2685437338244237389,what are the order of the star trek movies
-8454164399725142635,when do the royal family go to balmoral
-4525929414171974246,married at first sight america couples still together
1547496855653953482,when is an animal said to be oviparous
-5467500424876440020,who is known to be the father of bureaucracy
7343122061842527493,how many episodes in mad dog korean drama
-7518399534335509543,who is eliminated in telugu bigg boss season 2
6105515989389412897,the following is an example of reasoning from principle places such as singapore
-1573449474553055118,as per ipat equation impact of environmental degradation depend
-1942028276559543065,voice of the mom on bob's burgers
1122483971077935693,who has the most winter olympic medals for the united states
5267166984382823816,which is not part of inner solar system
-1163203402809720181,what type of dog was in blade runner
1730680471803955438,who uses a full score in music and why
-7716192070616984588,when was the great wall of china built and by whom
-6488351375206072914,is a pontiac g6 front wheel drive or rear wheel drive
2939455899411135815,when did the us military start using drones
3713030802147513616,what is the product of 5 and 12
-3340920182299383107,where do acids exist on the ph scale
720002335067376546,kopi luwak the world's most expensive coffee
-1671067672697952308,apple lcd cinema display (30-inch dvi) m9179ll/a
-3199230136735667919,what channel is abc on in san jose
-4640605412810941886,manic street preachers - a design for life
-5889592578596384956,who has the largest signature on the constitution
6463829505223719751,washington is not a part of the usa
6886473175112669484,who died in harry potter and the deathly hallows part 2 movie
5603065744517346303,who has hosted the most saturday night live
-7153061505209906808,where are the cell bodies of the motor neurons that are involved in the spinal reflex arc located
-8883092003495733798,who sings a nice day for a white wedding
-4090092645632790438,when was the first thin man movie made
-4620463047308376816,where did the chisholm trail begin and end
3769263799332443528,where did the idea for the truman show come from
5735311900068854350,how far is it in light years from the sun to the star vega
-4189136508373399608,packed to the rafters season 4 episode 19
8608738095304013231,what does a red and yellow flag mean
-1689872204033375826,which of these prompted congress to propose the fourteenth amendment
2423132600637145090,where is the lady with an ermine located
8316361938986885320,time after time song was in what movie
3633228964518832219,what does a military dog tag look like
342503696671411714,who was drafted in the 1984 nba draft
5806481574174579102,the great wall of china was constructed as a defense against
-6447024204631138651,when was the last time usa won a gold medal in hockey
-1926950239883016890,who sang all i want for christmas is you
-7033874797976799211,where was the plane going when it crashed grey's anatomy
-4844625810906849964,the new immigrants whose migration to the united states increased after 1880 came mainly from
3673188596477555105,where did they film remains of the day
3206157049847780119,the world's greatest dancing fountains - burj khalifa
7275554060895504727,is new orleans in the east or west
1469321720354821609,when did ohio state adopt hang on sloopy
-8322838047104987455,in recent years one of the most significant advances in mesoamerican archaeology has been
8192742523002128792,what is the name of maharashtra before 1960
-7757474838984025020,all call of duty games for playstation 3
6290468852658996036,what are the bill of rights in the us constitution
-1589419300359646515,when was asbestos first used in buildings in uk
-582519844336089546,what's the difference between uefa champions league and europa league
8472390073602524921,where is the yangtze river located in china
-3587061020940610882,what purpose do sinuses serve in the skull
6823184495039968034,what is a cse equivalent to in gcse
8285537118264311577,who plays seamus o'grady in charlie's angels
622683844839596882,what was the main theme of the neel darpan
5169503663554935779,down in the willow garden the everly brothers lyrics
1772630266195112280,what are the characters names in charlie brown
6827459115574260157,how do ships get from the atlantic to the great lakes
-2829296256162356599,what is john dies at the end book about
5945677896128848679,who has the most losses in the ufc
-8541989752733496154,what happened at the altamont rolling stones concert
1712641258244288083,what is the purpose of body substance isolation precautions quizlet
4242339639385110161,what does the name shirley mean in the bible
-3788949750240792530,how many legend of zelda books are there
-3813687528423085600,who plays sarah in picnic at hanging rock
5839333188856443004,when is the next working day after friday
-2455924987934596313,when was harry potter and the goblet of fire filmed
-5606280350428800944,where did the french east india company first established its factory in india
-98783975559089621,what two plates formed the mid atlantic ridge
1503556036206366049,when was johnny has gone for a soldier written
-1945995950639572964,what first drove the pace of railroad construction in the us
-5502476535859646483,who started the first english newspaper in india
3801146866829429037,what is zfs file system in solaris 10
-1724733515587429435,greatest romance of all time by the american film institute
-4037544414034034546,which of these best describe one of the themes in the play
9092566696317222397,where does ylang ylang essential oil come from
1657706612185552009,when does season 12 of good mythical morning come out
-682538007209496472,when did nigeria became a member of opec
-3214130930096003493,the portuguese conquest of the east african coast
-3274606763316640276,where did the marine corps name come from
6089173363177455204,what does a lamb mean in the bible
5958577451665719237,how far is it from cincinnati ohio to indianapolis indiana
5558746396386731896,can i go to dublin with a schengen visa
-3629296680211619203,what are the upper limits of normal for the qtc
-9035792202086611785,where do dividends go on the statement of cash flows
-854927370833830706,materials which can store electrical energy are called
736758637486207228,who plays cindy lou who in the grinch that stole christmas
8784404121236090102,what is the highest mountain in france called
-6697381991323495057,popular struggles and movements in india in last 5 years
2859801584197459541,when did honey boo boo start on toddlers and tiaras
-2208052264273123535,who is jax's brother on sons of anarchy
8668757557310722881,when are they making a season 2 of riverdale
-1464521956645829754,who scored the winning penalty in the 2005 champions league final
5318267533187704092,what is the meaning of the name yousef
-6198617253340369612,what season of the vampire diaries did the originals start
6831056264422842827,shimmer and shine genie for a day wiki
-7745514860201612020,when did america's next top model start
3436873508520457826,where will the superbowl be played in 2019
-3805984686295248122,little house on the prairie season 1 cast
-1875074008487541840,sleep spindles and k-complexes are most characteristic of which sleep stage ​
5112053115263992880,who plays lemon's mother on hart of dixie
7636157435025707651,who is credited with bringing ballet from italy to france in 1559
-3641307514429228391,what is the exchange particle for strong nuclear force
1881664751744632796,what are the different aspects of game theory
-6814574892200294011,3rd rock from the sun season 1 full episodes
3802206105778993088,who is running for president in the democratic party
3756475195459405325,what is the meaning of the prime meridian
-4806425154916640185,small amounts of the stimulant caffeine are allowed in most sports
2952019297058231324,who is called the precursor of romantic poetry
418997925644603580,when was the passion of the christ made
402770340040169071,laws restricting hate speech have typically been upheld by the supreme court
3862462181801298259,who is the dad on switched at birth
-6059061226253129647,what does disney out of the vault mean
-3708206498790026255,what did they trade in the trans saharan trade
2172816114390120285,difference between prisoner's dilemma and tragedy of the commons
358193658730960667,in 1938 westinghouse created elektro. what was elektro
-4135968232708621053,spanish exploration in the americas increased greatly during the
-6259828764222535597,lin dan vs taufik hidayat head to head
4855922246368340932,who played rudy's friend peter on the cosby show
-7347588333954176935,summary of the touch by abburi chaya devi
-5408967355909886658,difference between high school college and nba 3 point line
-634087196085756458,explain the three broad stages in the development of the new testament
6231372250286779729,universal declaration of human rights statement on human rights
2705672201942810384,where is the issuing authority on a birth certificate
7154219935844980978,take up the white man's burden tagalog version
8438793002920128637,who won the tour de france bicycle race
-5890934661141743971,what is the rule of love marriage in india
8645030086569680548,what is the difference between gaussian distribution and normal distribution
-5199463913917432003,where did the saying to beat the band come from
-8821114838453706312,office of in vitro diagnostics and radiological health
4588501136131310855,what is a line extension describe how one of the following might create a line extension
1979742814745808148,who are the characters in i'm dying up here supposed to be
8430010920941604857,which state is bigger north or south carolina
6266252139977355566,alvin and the chipmunks with the chipettes movie
-8842645823559593963,what do tom and ben find in joan callamezzo's home when they take her to her house after lunch
1177305257272646633,america's got talent i don't know my name
-6461358009419009682,where do plasmids come from and how are they replicated
2791931148855255339,what is the temperature in the desert at night
-849999308978824062,when was the first color tv sold in the us
-3838843943872349036,when was swachh bharat started who initiated it
-5682043086841771162,when does rupaul all stars season 2 start
2616216700741469260,who did cristiano ronaldo play for before manchester united
2341789775351969706,when is agatha christie's crooked house set
-3140869096194957539,how long is the lord of the rings return of the king
-6905877981080590189,jana gana mana full song meaning in hindi
417413283739678661,when does elena decide to be with damon
8933771060328061241,where do the best pine nuts come from
8676313893800889120,who is opening up for the foo fighters 2018
628745653794710792,what happened to todd from todd and tyler
-5230104176912084903,who does stick talk to at the end of episode 7
8907911172244035602,what is the difference between rural and semi rural
5222134048633786130,an advantage of the critical incidents technique of job analysis is
5644413218936122385,who has won the most academy awards in history
2576360884323654666,when did the battle of san jacinto start and end
-8470425805371371696,how many stars are on the american flag today
-2354113092141515128,who falls into the category of external stakeholders of an organization
-1886565374136567970,deshbandhu college is in north or south campus
-7137598063154668049,a person that drives a train is called what
-1377993635095477576,hamas is a militant organization fighting against which country
6796366871927021435,identify and explain the defining characteristics of the modern western world
1269367442035684474,who played the boy in mad max 2
-9113010187780746314,where did they film a time to kill
-7458338158801028109,what is not a benefit normally associated with home​ ownership
-4806232975178300538,ny model is based on making assumptions because
-968302898093728946,what is the difference between de facto and de jure discrimination
-1959403023213969081,when was season one of stranger things released
-6201799745368095074,who has shortest tenure as governor of rbi
-4827334060313609164,marvel's ultimate spiderman season 1 episode 2
4508501403707831605,the location of the geographic north pole stays the same
-3311708421137794576,south korea land area compared to us states
-2971980638300443869,who had the most interceptions in the nfl this season
-7123333650303618023,what is the latest series of wheeler dealers
2290003741534279463,what happens if a dog licks a wound
-1225683361205701218,i am chairman of chrysler corporation of america
3038699668868200221,who was the longest serving doctor who companion
5345562872041119435,he wharton school at the university of pennsylvania
-8336364530889468673,peter bjorn and john young folks movie soundtrack
-1517384407251018888,who paid to have the confederate statue in travis park made and then placed in the park
454955922694043907,how many nba teams won 3 championships in a row
2092567621166379572,who plays the second king in black panther
-1762274496704440695,map of nigeria showing the distribution of crops and animals
4096981975428376507,what was the first example of representative government in america
-2971251337628589359,list of billboard hot 100 number-one singles of the 1990s
-2926384921550909153,where did 1st odi match played in india
-7082688862322230324,when did the debate of gun control start
1826122442861120578,who's been sleeping in my bed by barry manilow
4279965267818424178,what are the non arab countries in the middle east
-2492139247842919896,where is serendipity located in new york city
6337616306785815501,how is primary structure of a protein determined
-8994248903967117052,what happened to katherine's first husband in hidden figures
1989800473708806247,jennie garth daughter secret life of the american teenager
5077704569693840487,who voiced santa claus in the polar express
-182850791837069718,who wins ben's season of the bachelor
6068031572144467596,what is the invisible man by hg wells about
4178935141532525241,where did married to medicine stay in barbados
-3347515122618715073,where does us highway 287 start and end
-504966496354948879,who does nigel havers play in coronation st
-4883943436051519747,what part of scandinavia did the vikings come from
-2887271490393499772,when did black panther come out in theatres
5743633145969259846,pi bonds are formed by endwise overlap of p-orbitals
5047650382783452187,when does wicked tuna filmed in outer banks
-5398228197127401450,when does phoebe move back into her apartment
-7531638542742711227,who played meadow soprano in the first episode
-2048801656743457797,has anyone won a tony oscar emmy and grammy
7217568840397571743,where does tiffany and co make their jewelry
-9165374714743725388,where does the ring from cytokinesis get its energy
-2992968690102507166,how many union states were there in the civil war
87469805974991472,who were the gens de couleur who demanded political rights in haiti
-4190243928308252059,where does the dragon make its lair in beowulf
-8089048139160730221,who was the old man in saving private ryan
-4693328112847613865,what rank is private first class in the marines
-8239616910086304234,where do you have to be born to be a cockney
730759591445168958,actress who plays snow white on once upon a time
-2739795219108660240,how big was the italian navy in ww2
-3273160346236713828,who shifted the capital of magadha from rajgir of patliputra
651243437654902248,what is the most points michael jordan scored in a basketball game
-3770320074502628078,deftones change in the house of flies movie
-3451150566300499670,what is the average height for american man
-5057607047266109072,diapedesis is the squeezing of a cell through the blood vessel wall
-4752419887507315348,when is star trek discovery released on dvd
-6042768198266517549,when did lets make a deal first air
281745585742023071,at 150 ma what is the relationship of africa and south america
3416226861929582218,who won the universal title at royal rumble 2018
-8076450267910473175,when did the argos win the grey cup
3096865811628184478,where did the last name pearson come from
-1215363265940946907,who is the actor that plays jamie on blue bloods
-4246119436953229214,who has played the most games for the geelong cats
3162302634512910122,who was the last man to land on the moon
5108333241967476820,who is known as the father of civics
5824775547251773467,the hitchhiker’s guide to the galaxy douglas adams
5013431170273534081,under whose guidance did the prarthana samaj come into existence in maharashtra
-8406633423192372241,the proclamation of a brazilian republic resulted in which two political constituencies
-8786240860602794590,how many duties are enumerated in the indian constitution
1006852091234866846,who wrote the national anthem of sri lanka
-202440747575486918,how many times did whoopi host the oscars
5651334208299566371,where are the matches in the world cup
-2490462434328042313,when is the last time the capitals made it to the stanley cup
-5059464807982654501,diving at the 2016 summer olympics men's synchronized 10 metre platform
-7944946013382724417,where does the name nightshade vegetables come from
408543424872041478,states that entered the union during presidential terms
-5141679393656491927,atomic power plant has maximum capacity in india
-3399196681612375586,who played zach in saved by the bell
-7058966903586385140,how far is it from durango to four corners
-2805734178917365187,who is the old man in waiting on a woman
628681520926175649,tom & jerry where tom dies and goes to heaven
8063801427590638885,who is peter quill's father in the comic books
4959416756198995455,what is the name of a syrian nomad historically
-2635467879108221063,when was the roman catholic feast of carnival celebrated
-640213171244910482,what type of music does bob marley sing
4406501902537780862,what happened to christian wolff's brother in the accountant
3251978255703708218,jurisdictional immunities of the state (germany v. italy greece intervening) summary
6031907367898716877,why are there so many snakes in guam
6645879865451437992,who sang the theme tune to beauty and the beast
1211428495230950929,where do the best malbec wines come from
-1592272440852199601,who plays the prime minister in victoria and abdul
1523307715154488928,where is the septuagint quoted in the new testament
2644949935374544531,who was the first person diagnosed with depression
8880224718359508833,who have been the hosts on the view
-5275596311556807308,when did god of war ascension come out
2282700256639225549,whats the song at the start of peaky blinders
2661176866965018947,all penguins live together in one area called a
-7435800188101695675,how long does it take to film a season of food network star
6185249663094870437,what is the speed in miles per second of a beam of light traveling at
-1249034401595294371,what is the last episode of fairy tail
-2104183272429238650,where did the royal family get there money
1779329378497524276,which of the following took place in 1968
-1279556851634286297,what are the songs in the sound of music
-393903893916755588,who plays alex's brother in alexa and katie
-5217610153524560596,who sings i'm begging you for mercy
1534943595700098725,light source and pathway of light of inverted microscope
1283060063027795981,when did the battle royale mode arrive in fortnite
6524837174586466473,who has the most kills in the military
8835736479912449893,discuss agency and the doctrine of respond at superior
-1670233145995063520,one life to live actors where are they now
4353138343544418363,who is the top selling musical artist of all time
-8478293574423340977,where are most volcanoes above sea level located
-32072759690639837,rather than declare war after a british attack on an american ship
1652482318853558060,how did they do the virtual insanity video
3649227014163566847,where are the lowest and highest atomic numbers found
3211067079296784055,when will there be new episodes of saturday night live
7898583533440271699,when does american horror story premiere on netflix
-8749213707767684913,when was the last world cup that brazil won
4562794730130095702,who is the author of richard castle books
-9105532731766618625,what are the keys on a piano made of
280241043638207037,in general the chicago studies demonstrated that client-centered therapy
-1609794471766431867,where did the church of god in christ get its name
8568253508714074529,requirements to buy a gun in south dakota
2538807422835974076,where does the term old lady come from
-5715073407003046375,what was an initial scientific criticism of on the origin of species
-7140512136215842410,lyrics hey baby will you be my girl
9085937185807281658,when does it start getting cold in korea
-9024042412322959044,who did sadie robertson play in im not ashamed
-4025143100496770788,middle class abbayi mca title song video download
-222321270281883300,we shall this day light such a candle in england
-1771601282586320554,when did the dodgers move from brooklyn to la
8197669725759013720,when does new episodes of my hero academia
-6383449311444745194,when do we find out who charles is
6854193808691136361,when did louisiana change drinking age to 21
3178451298115977747,what episode does leslie find out shes pregnant
8458687068140939160,the tipping point how little things make a difference
-7771359080810408599,who starred in the original flight of the phoenix
4630906704826873712,what is the genre of all summer in a day
8218555162196615528,who was the bird woman in mary poppins
-7065468119610642639,name of cat in secret life of pets
8884430579746521497,where is the round of 64 being played
234733308449581017,which hand should you hold knife and fork
-5501454441846161792,that made me love mary the rose of tralee
6528943369187106554,when does florida gators play their bowl game
6268100982527636455,who plays antman in antman and the wasp
8377763302709652516,when does rachel find out ross loves her
7097832792814746632,who sang amarillo by morning before george strait
-5420294015588255528,who became a national figure during the grape strike
1950161881335564305,when was the last time the world cup was played in the united states
4602264122124552618,unlike the united states the first hospitals in europe were established by
-6340864888725116,who played nicky in the pilot of blue bloods
-114313551808730874,where does the thompson river meet the fraser river
-6800084611771647451,grey's anatomy season 5 episode 1 guest stars
677909421447190626,when was the last time iran started a war
-7743957284171734376,when do you use a question mark and exclamation point together
-1019901273172039000,how do they determine where the super bowl is
-7971820072498193414,who plays the she elf in hobbit 2
6127342290326352089,when was the last time pittsburgh steelers won the superbowl
-4157995595444002587,what body of water does the nile river flow into
-5724186443795129009,who served during the mexican war and as commander of the union forces
-88323972006990503,where did the great in great britain come from
-6591875194510661071,which term describes how two sides of this figure are related
-4603714434293959907,where did peter peter pumpkin eater come from
-5272905494367254141,who plays teddy on law and order svu
-5020576912434360201,what is the sabbath function on a stove
-4818521962538843353,spirit stallion of the cimarron girl horse name
-3338394870079596970,when does hollywood week start on american idol
4211529235480531930,what happens when there is a surplus in a market
3166966615013270725,where was the hallmark movie valentine ever after filmed
2993948305628947425,where did the water in hurricane harvey come from
-148546438567240591,the main purpose of delayed differentiation is to
8211391677131267910,who plays ariel's voice in the little mermaid
2799802735151183175,health hazard caused due to open drains and stagnant water
-7902410911393150276,if consumers do not respond at all to an increase in price demand is
8278641446401698807,what is the largest state of north east india
2984074197605288148,who controls the election of president vice president and parliament
2099662519169845247,what is the rate of spreading at the east pacific rise is this considered fast or slow
-9212610809023687183,this is big flow taking over the show
4251502015651960524,where are the world's tallest trees located
121567066689410094,which of the following served as the first national goverment of the us
-5578395171079707221,who has the highest gnp in the world
-1496135945190630389,here's a story about billy joe and bobbie sue
3881205509938985787,what do you call a group of trolls
-4992617055466602660,who sang here we go round in circles
5190282868898790152,where do mountain gorillas live in the world
-4387580204477740988,when was the last time the windsor spitfires won the memorial cup
-3366629390916944170,when did fasb codification become authoritative u.s. gaap
-5998566569842323314,when does the next breaking dawn come out
-6598036980239409247,what oscars did the lord of the rings trilogy win
5585813172388397719,what do you call a religion without god
8262082590744308221,which of the following is not the societal reaction to chinese workers in the 19th century
6001942272464482925,is the washington monument the tallest monument in the world
-4692514280315232443,history of politics and government in the philippines
-8189633968197968364,when was the last time mount kilauea erupted
-8234926607443961681,dennis rodman career high points in a single game
-5010699732052159427,who won in the war of the planet of the apes
-4091174441207712395,when does the 2018 regular baseball season start
718925547540935743,where does act i of the nutcracker take place
-5813486414912003956,when was the last year that christmas fell on a monday
187738071287098335,who is i know you were trouble about
-6541300592608027990,are there local income taxes in new jersey
6281232429331926461,who was blackie's girlfriend on general hospital
-8577827248775041164,what is the meaning of 9 of swords in tarot
-3715411115839990211,how many number ones did s club 7 have
-1537266401265535938,art that depicts forms in the natural world
-8799163228661370771,what does it mean for a teacher to be tenured
-3166694672738461990,what is the largest national park in australia
-4937100116383072279,who wrote that's why god made the radio
-8271245376001466843,what does it mean to have a hyphenated name
-5955231379130186060,who won the popular vote in the election
-6043407550566995184,when does mob of the dead take place
337668016004196187,when did mayo last beat kerry in the championship
-8126872169913866533,who is buried at the tennessee state capitol
-7338065197404836952,where did hajime no ippo rising end in the manga
-2448748033544912467,why does the plague doctor have a long nose
-2320504364164261342,who wrote the song that's what i like by bruno mars
5069735100795296494,donell jones video where i wanna be
3028898416543573369,what song was number one on april 6 1983
563662097496877924,who becomes president after the speaker of the house
-101587790379994070,my life as liz song she sings at talent show
-6241321875887764397,who is regarded as one of the greatest prime ministers
2196658196117271490,how does an animal cell interact with other cells
4073560875053734722,what were the results of the mexican revolution in the early 1900s
-1205822323740723060,when did india's population crossed 1billion marks
7303444280108901064,keeping up with the kardashians house season 1
707520041206704483,where do the thundermans live in the tv show
4054021782177926085,when were tractors first manufactured on a large scale
6363113358863234332,who has the most goals between messi and ronaldo
4124997714817201437,is puerto rico part of the united states territory
-807220028949972021,who wrote the book of kings 1 and 2
-5503743760366341014,what is the standard rate of tax in ireland
-2662911097592754213,the american system of criminal justice is based only on constitutional supremacy
4538267290518645849,who came up with the idea of college
1139234861590814003,life 3.0 being human in an age of artificial intelligence
-7283033235385147404,who is the voice of miss crawley on sing
-6306943902030511394,who wrote the song king of my heart
1234269596150679885,what district rule led to illinois' 4th district having a thin strip that ran along interstate 294
-2865708210632467834,when did the fear of the walking dead start
-8987215446828508535,who is in demi lovato sorry not sorry video
2827470089402756456,when was arsenal last top of the league
-1950439145263897210,how did the cleveland browns get its name
-2230838158333582402,what is the road not taken poem about
-2270072449630917958,what are the roles and responsibilities of a school governor
-1714508613145485284,who is the girl in cloak and dagger
-6545450283134042420,an overall result of the paris peace settlement of 1919 was that
-3114940900565480779,what do you need to fill out an i9 form
-2628784078912943063,in which of the following countries has the u.s. fought a war
2510334644407695934,who's the running back for the philadelphia eagles
4135796624861422076,when did the canadian 2 dollar bill stop
-6957761443850658973,explain the process of boiling with the help of an experimental setup
-55313683889366303,how much does it cost to renew cuban passport
-6944863930203008365,where do blue staffordshire bull terriers come from
6175637949110701873,when did new york state of mind come out
-2574533118693861904,explain three important contributions of the french revolution to the world
-1839802461418604007,what is the story of world war 1
4109383739416846750,when was disney land built and what was opening day like
4653778593476428504,percy shelley's hellas adapts a greek play from what period
3526681663630120245,how many episodes are there in pokemon xyz
-4387008905306880249,why does charlie need medication in gossip girl
-7824465417897061473,where was the original starsky and hutch filmed
7399244141329331326,who lost his strength when his hair was cut
-2468452005053435247,this region is the largest and most sparsely populated region in the country
-7222561166493604147,who leader did not contest the first general elections of india
6963710728720143643,who played taylor vaughan in she's all that
4582664780561819948,two countries in africa that border lake victoria
4846331298623758875,who became the supreme in american horror story
-8299786292840311179,at what age can you marry in the uk
-619009080585423424,vitas 2002 - the 7th element (live version)
7219673649084644384,baby tonight the dj falling in love again
-4786593787706335329,name a space spin off for each category medical material consumer
-4648811558179153345,ok google which president is credited with inspiring the maxwell house slogan good to the last drop
-3427403275942723073,where will the ncaa football playoffs be played
714704693938605719,when was the last time the ny rangers missed the playoffs
-4278005580996332024,where did just go with it take place in hawaii
8583119771922241251,which side is the left bank in paris
9207423089524542943,when did the first now album come out
3050007383201870728,who wrote a book on investigation introduced the word criminalistics
8000572772174423838,when did the new series of doc martin start
1667082115929418586,who is veronica on have and have nots
8435176362932098766,who played the senator in batman vs superman
2136322869882762745,when does the next episode of db super come out
-1102826956619947273,how many artificial elements are in the periodic table
-229187789861935307,legal blindness in the united states is defined as severe or profound impairment in both eyes
3104415514343079352,when was the story of the three little pigs written
5504914798154766315,write down the truth table for and gate and nor gate
-4676891019660319787,who played andrew on the facts of life
-4536324464499036806,what happened to the disney show the lodge
2579253041502966125,where is the upper east side of nyc
-43462846605941581,why does the pentagon have a washington dc address
-7135838313631829645,when did non landowners get the right to vote
-5780954542859955771,what is the function of the leaning tower of pisa
-4014159411276291628,somatosensation collectively the receptive fields of one dorsal root ganglia are called
6758536308379577336,who gets fired in season 6 episode 6 grey's anatomy
-6813105597198988275,islands in the sky kenny rogers and dolly parton
3423337078900406601,who sings we are coming to your city
5689254318552677452,i wonder if i could take you home
8583178340657287303,when was the ussr created and what year did it collapse
6393644118273757685,what channel is mavtv on at&t u verse
6517637982348776147,who sets the agenda for the government transformation programme to become a public policy
-6782062415463471460,the republican party formed when which major political party dissolved
2430538968242849018,where do they live in the christmas story
9008168633278681498,who was the first president of our india
4848086369190189271,who funded the marshall plan to help europe recover from world war ll
2952502209072280674,where did the paragon park roller coaster go
-3980483242392249185,who wrote your love has lifted me higher
7027724216877703695,what was the united states called before it was the united states
2386467057772645438,who sang if i could see the rhondda one more time
-5308784789519164641,when does callie get pregnant on grey's anatomy
3801633590593331870,when did all eyez on me come out album
-7593223557470038556,who plays nurse gilbert in call the midwife
-8769611837514995958,when did arvs become available in south africa
-8708933206162270716,where did the phrase just do it come from
-3949396730621369145,a system of business in which one company owns businesses in each step of the manufacturing process
-1096003340145820006,when was the treaty of fort laramie signed
5924337594548903053,where do light dependent reactions of photosynthesis take place
-5006003472085768921,what is the medical term for sweating blood
3059240691886327940,who plays the cowboy in the big lebowski
-4800181950570594152,what did people in montgomery alabama do to oppose segregation
5329604473337272651,what is the academy award statue made of
-159199657187143020,who played whoopi goldberg sister in the color purple
-8928041027971227788,travis scott birds in the trap sing mcknight meaning
-2887901492296989296,where does the last name jeffrey come from
-7845057389325764279,which state has the most national parks in india
7631822659199091528,who voices the girl in the lego movie
-9120022201243773229,what is the main function of the pcl in the knee
5977582780221052329,the peace conference ending the russo japanese war took place in which country
7204159175074276062,ripple carry adder and carry look ahead adder
-667562609978963073,which idea best describes an element of an unlimited government
-2042565801912825598,what part of the bay area is san jose
1765049836753003975,where did the red wings play before joe louis
-1383108852174369811,when was god added to pledge of allegience
8252503591443640228,who or what was responsible for the end of reconstruction
-5186567985201722999,whose version of 'house of the rising sun' topped the charts in1964
1926892641961116906,who is the founder of english in india
-3509383415901732022,when did the soviet union exploded its first atomic bomb
4470614001962664650,when will season 2 handmaid's tale be released
4338311417049605804,when does i'm a celebrity get me out of here on
8516965290871731631,what do you mean by the rowlatt act
-3645284908916086100,when does the star of milos take place
1912075917808114714,mt st helens height before and after eruption
3788556654881156549,who broke the oakland a's winning streak
-9062680986489011801,what is the elevation of myrtle beach sc
5085138625129189177,where was hello my name is doris filmed
1456467915355802324,who wrote the wealth of nations john maynard keynes friedrich engels adam smith milton friedman
69525482951829164,who are included in the house keeping department
1798617304289570979,who established the first afghan dynasty in india
2977775291023327879,when do benson and stabler become partners again
4395032459462601193,why does the flag of hawaii have the union jack
2673888793659367958,where does the duodenum end and the jejunum start
-8307861579211479957,which of these provides evidence of the common ancestry of life
8748928768700128063,who did we fight in the world wars
3930048632951816746,who stars in the new mamma mia movie
8901327945717624403,who has a dog called snowy and is friends with captain haddock
1137447052630021704,how many episodes of one pieve are there
-8183648773129020509,i'll be here from ordinary days lyrics
-1151893552944880916,who plays captain kirk in new star trek
-2136478201797776674,who is the midget in the bad touch
3380426625936167836,who played the lead in fiddler on the roof
-7436842217005227530,list of all games on the nintendo switch
8043510563069079669,who sings backup on i want to know what love is
1594734924096113678,when did the world war 2 draft start
5661743784686661926,who sings the song in fifty shades of grey
-82129360662769856,who was the dewey decimal system created by
4429897991433583002,only fools and horses the sky's the limit
8465824520868442497,the first article of the texas constitution concerns
-4388697339563361119,when did the first and second world war start
6437145143287216127,what is the education system in japan like
3284639783860060066,where did glenn miller perform his final concert
9001112889503046241,when did the spanish go to the philippines
6275013793814399747,who developed the first classification system for living things
7338612197578555194,who did the french revolt against in 1789
-6796342470088040986,who made call of duty black ops 2
302685735582273696,rolling stones can't you hear me knocking album
7249160985556850224,who is scarlett o'hara's second husband in gone with the wind
463082505135570968,the french gained control of louisiana because they
5733787053155245501,what does raca mean in matthew 5 22
-1860589994088273843,what happened in the end of silent hill
-6504915323965812071,who is running for senate in nevada 2018
7478527388960656475,who voices stacy in boss baby back in business
6896681704076736308,when was the first escalator installed in zambia
5765144428063947177,who was the girl that helped the grinch find his heart
6894390283116784366,who was the democratic presidential candidate in 2004 answers.com
-2260563478528893908,what is the red thing on mailboxes for
-4878049995591914175,who sings the song these are a few of my favorite things
6311282504037311099,gentamicin belongs to which class of antibacterial agents
-1043862452274321755,where was the first mardi gras in the us
-1747018401660676260,what is the channel number for hallmark movies and mysteries
-2176841346641996646,whoop whoop that's the sound of da police
-7248794058895285706,who has the most punt and kick returns for touchdowns
-3539141726496930055,according to social control theory crime is a result of weak or broken social bond
-3321662902297171132,the arabian horse is an example of what type of breed
-3065892528242781847,what is legal weight of a tractor trailer
2424577451983937360,where is the kola peninsula located on a map
-4439885871256939841,where did most sumerians live after about 3000 bc
2267087148792376593,who are on the tapes for 13 reasons why
-4718714150019985655,what does the name tracey mean in english
-6450523744163645119,shah jahan and the zenith of mughal architecture
382139268768744272,the kapil sharma show season 5 episode 125 cast
-5977431327124100373,canada is the second largest country in the world
6314925016992365482,what did the united states look like in 1783
-3622352153702828893,when did the black panther comic come out
2549205115517342058,who got the most rebounds in nba history
564359802384614828,how many wins did earnhardt have at daytona
1010077060058167991,who wrote the words to the song taps
-9030233868865274834,if demand change is minimal with a small change in price the demand is
102434121236405301,new york subway 6 line stop at city hall
-1776560571920392840,how many lord of the rings films were there
-4283389229356383233,who is lee in sleeping freshmen never lie
-4334123446573057582,what is the main source of revenue for counties
949845772498201376,what happened to the older siblings in narnia
-843953031107150928,over which bridge is the london marathon run
-8864832966695170861,which is an example of the jim crow version of separate but equal
5675610460253638783,is it legal to smoke weed in new zealand
-8626387864583301730,on the inside of the lascaux caves we see images of
-7888564928772253318,if born in the us are you a citizen
-4412544862143434930,who has been awarded business personality of year at asian business awards 2018
1474155784643428698,who sings at the end of gran torino
8441424824931146342,who played the game show host in like father
791710855444627066,what is the function of the stratum lucidum
-5057962651631873577,who is the oldest nfl player to ever play
-3760575315729888172,george costanza believe it or not answering machine
-8646003242125426743,what does animal style mean at in-n-out burger
-1373972361856191398,soon you will see you were meant for me and i was meant for you
8293061172841864316,where did the last name fox originate from
-1958739909830757205,which of the following is an example of nonvolatile​ memory
2529317281373318664,what is the host nation of the 2004 summer olympic games
145413528181190160,who has the most blocks in one nba game
3895691647412941306,who played jesse's mother on full house
6624240847298056972,list of countries trying to join the eu
2087382327769610278,effect of oil and gas industry on the environment
789315125585290229,who wrote the words to the national anthem of barbados
-5123954696377518516,which of the following was part of the fugitive slave act
-46767435916962845,who sang the song like a rhinestone cowboy
5378317517777047330,what are the advantages and disadvantages of single linked list
-4054626246191791167,which of the following is an example of nosocomial infection
-8849115824565690077,who came to victoria to mine for gold in the 1850
3084740088930174215,2 common recycling programs in many u.s. cities
4821781499953412567,what is tha old name of tha city bhopal
1616564511119007495,the two chambers of elected national representative in nigeria are called
-9186970961698860450,why did the angel of destiny take leo
-2373829608056367994,game of thrones season 1 cast ned stark
-533912493334724373,how much seat required to make government in karnatak
-3261701461629001645,a series of unfortunate events the end explanation
5326241059297213737,sariska national park is located in which state
1459305146682058509,why is mohenjo daro considered one of the most advanced cities of its time
6206118939127494892,who made the pga tour from the web.com tour
6384100018998131832,who married ted on how i met your mother
-7254832273368040804,where was olaudah equiano born barbados england africa brazil
967810507110594372,who won favorite television actress at the 2011 kids' choice awards
6712849773730347910,who was the owner of the union pacific railroad
-4416974035041480492,in the context of fundamental right give one example that india is a secular state
7218196277291779878,who are the longest serving managers in the premier league
-8966355192111092075,ashoka trust for research in ecology and the environment (atree) india
3366606900654441491,who plays mary's husband on little house
-8568447034125906304,when will game of thrones season 7 will be aired
5733996093991238136,what is the current crr rate in india
6329023642110902332,who has done the grand slam in golf
-9188476391916761412,who did the united states purchased the louisiana purchase from
-2548885541211769455,how does the middle 8 work in rugby league
-3929831823334384566,where did the name american football come from
5297325306356705195,how many episodes of topsy and tim are there
-3674265479539344506,i don't understand the ending of solaris
-8890831500461975525,who were the generals of the battle of bull run
5112593061627270064,how old are noah and allie in the notebook
-3725203258952186952,which country is not in the top 10 for female representation in national parliaments or congress
-4502340126174511042,what happened at the end of season 3 of gotham
651588120109291799,name the three factors that greatly supported agriculture in pakistan
-8425473094059739627,great birnam wood to high dunsinane hill meaning
2637855140038444591,when did nigeria changed from right to left driving
-1753517720339616800,u.s. district court for the central district of california pomona
490304260776229191,where did the florida keys get its name
-8528404290477522301,pakistan’s city wazirabad is known for the industry of
1712460334328567571,black knight the man who guard me wiki
7761645185691367022,when did the big earthquake happened in california
1917023269671815468,conductor in the man who knew too much
1120910027749566987,should average rate of return be high or low
4523163627069770265,why are there 14 elements in the actinoids and lanthanoids
-5162048787296756278,what are the dimensions of the galaxy s8 plus
-6960471868462781743,where was the movie father of invention filmed
607993513536249793,who does miranda marry in grey's anatomy
3742935087110920859,where was opening scene of sound of music filmed
5141600745238577457,who is the oldest nhl player still playing
-353667838151637307,how many episodes of agents of shield are there in season 5
3454759980848907152,what is the most common type of sedimentary rock
5077536311932177067,will there be a my little pony season 8
-5357708523178035794,in any test of hypothesis to reject the null hypothesis is to
4439638100685305249,who holds the record for the most double centuries in first class cricket
-4307757484959184172,who won the gold medal for mens hockey
5814305226965176292,which verses of this psalm are quoted less often than the others
2994614894496405367,who were the main characters in the wizard of oz
-3092365830650824297,what happened on the last episode of law and order
-5724290430361919178,who sang what a feeling in the 80s
-1537413079715913697,heard it through the grapevine california raisins commercial
2717208607624390310,the us economy is based on the idea of
7593160585666173927,national consumer voice for quality long term care
-5720549013665603613,what are two methods in article v of proposing constitutional amendments
5152454385305714260,what is the name of the miller's daughter in rumpelstiltskin
8290155767719703606,what kind of car did they drive in miami vice
-5647815550087045351,where is downton abbey supposed to be located
150206573165887506,how much did hms victory cost to build
-7674410273759382169,what key contribution was made to photography by robert capa
33669660457835140,the last of the mohicans starring randolph scott
4472677562257642551,when do the new tax laws become effective
9199877038193135781,who plays the bartender in despicable me 3
4872590783415206799,new hampshire on a map of the us
-3843023422468182692,heidegger origin of the work of art summary
-7331174571053163445,who coined the phrase nice guys finish last
640113089492156332,the system of doctor tarr and professor fether pdf
562267940317886300,who won the battle between monitor and merrimac
4187574208107208797,what are three similarities between buddhism and hinduism
-8604824996189856384,where are the detroit red wings moving to
-5197831980554077024,when was the volcano built at kings dominion
-5427889739868748127,who was the first african american woman photographer
7665384190820682169,who wrote screenplay of in search of lost time
-5867182159978371996,the doctrine of equity and the substance of english common law
-5855974609927044477,farc and the eln emerged as revolutionary groups in 1960s france
7100526882220359040,what is the citizens united v. fec case
-7581046140806897739,how far does a ship travel at sea level in the panama canal
-3207277367973113627,wait in the water god's gonna trouble the water
7059231321033275744,who wrote kyla's song on the voice
-2044603858876353893,what is the main airport in washington dc
-5620207804397193728,where did the second vatican council take place
4017739193727143178,factors that influence the susceptibility of a host
-5192057921046583772,who owns once upon a time in shaolin
1713149343950304475,where are white lions found in the world
9199582356106576464,what is the active ingredient in vicks vapor rub
-8773309815424104266,clans come in three types matrilineal patrilineal and
7169325175278764811,which of the following is not a step prior that occurs in the nucleus
4709704848752282016,who sings the song in the bubbly commercial
2089625036497526744,who won the series between the red sox and yankees
-5722240199896746259,ben 10 ultimate alien episode 1 full episode in english
463532973781967906,which of the following was the most significant effect of the war of 1812 on south carolina
-3945389913686685390,on the run 2 jay z and beyonce
-1884738089463084537,what is the meaning of 7 star hotel
6381427855403551701,is axl rose the new lead singer of acdc
7261582520787993913,relation between si and cgs unit of charge
3404488345768869109,how many times have brazil won the olympics
5257222421080313177,war of the worlds description of the martians
-8250189370121213504,when was all india radio renamed as akashvani
7387768861597232763,a tale of two cities it was the best of times it was the worst of times meaning
3704970383034596353,what is the air pressure at the top of mount everest
6312427107248718556,total number of competitors in commonwealth games 2018
2804000310589413686,then i'll huff and i'll puff and i'll blow your house in
-7341841503152757224,what is the retirement age in france now
8960890988233539988,is us marshals and the fugitive the same movie
6419019200757198973,who was involved in the open door policy
-7197973287207516258,who has the record for most subscribers on youtube
4974241894204034007,who played mr tucker on andy griffith show
-8363680813147698878,which countries in the southern hemisphere are labeled part of the north
3098676642560266620,who plays sheldons sister on big bang theory
1426306797860484703,what is the song iris by the goo goo dolls about
8359081739325968532,how many dams are in the colorado river
-5437485381602497786,where does deus ex mankind divided take place
-5053649164871287725,fraud in the inducement will render an agreement void
-7181140093234333069,how many managers have won the premier league in their first season
3268634509003480092,what do drone bees do in the hive
-8875650725050591857,who did the night they drove old dixie down
-95407864212789948,when was we're not gonna take it written
-2628357400546790407,the fast and the furious films in order
-8637636362049967037,where do the southern ocean and indian ocean meet
5083109240960384110,one can use the following to replace salt as a seasoning
4016900973232110404,when does the new contortionist album come out
3000518395343251213,how old is the girl in stacy's mom video
-2521225993013867797,where was the movie anne of green gables filmed
4962116116683080885,who does the voice for olaf in frozen
-3448166037141944854,who is the prophet referred to in the shahnama
-8662402101495958094,why did the vikings often have a dragon carved into the bow
7105550231026063554,when did mamma mia film first come out
1440733746816035452,what is the cost of a boeing dreamliner
2359746949991805752,when do new stranger things episodes come out
319270032612435009,when did the first air jordan come out
-5983068261652976378,who plays the doctor in death becomes her
7004389287738225947,the minimum frequency required to cause a current to flow
-7204471530239025366,where did the term chop chop come from
-4563223105518226657,what is the meaning of et tu brute
538021122281618833,what are the roles of a system analyst
-7403419119762970694,when did the sound of music first come out
-4928059039119934255,when does season 5 of the fisters come out
-297151260903965869,who has had the most no 1 singles in the uk
-1166860435941379379,can you play 2 positions in the nfl
256384917768807667,singer of how far i'll go in moana
-264098662738579805,when is haters back off season 2 coming on
1591241936853027537,when was clifford the big red dog made
-4291313629857629063,who played matron in the carry on films
-7070444134924234803,who won the last season of the voice coach
-6550640435239249321,where is the museum of modern art located
-3233671580953434768,where was the house in 10 things i hate about you filmed
-3483288463510419327,can the president make an executive order without congress
-3080246782558138609,can you legally change your gender in canada
8117949615786389296,what of gdp does the us spend on defense
6107683449211755901,who played the young tom riddle in harry potter
8116704011659805262,where does the cane toad originally come from
-8520151304931409858,how many times has penn state won the national championship
-8848034975385251868,tomorrow when the war began season 1 episode 2
-1266524571143856366,how to get away with a murderer season 4 therapist
7511722617109227689,which one of these plasma proteins is not made in the liver
-2817375316688479823,list three discoveries made by the voyager space probes
-823558109630013403,3. in the mahabharata who was the eldest of all the pandavas
5263950277970513048,who plays joffrey in the game of thrones
5741088590384248463,who played carol's boyfriend sandy on growing pains
7245373412806135743,what is nota in indian election in hindi
-3747176951718220222,who is being referred to in the auld lang syne
2443052544304516751,names of heroines buried at zimbabwe national heroes acre
-2519156458413024961,when was guru nanak public school founded in ludhiana
-6550342352426805592,what's the meaning of the name jessica
-4543285762086089331,system shock 2 what does osa stand for
-197354964788513740,when does season 3 of legends of tomorrow come out
-1611767580422002848,where did the battle of singapore take place
-4100053979136862252,what does the word evil mean in the bible
4866693393943479910,when was the sound of music first performed on stage
-5098102588619085266,what is the story behind cartier love bracelet
-2730455966878304274,what language do they speak in the czech republic
5783512754465103742,what is the meaning of stamps in hindi
-3057870656509531911,who is cosatu and what do they represent
-2245162052995011272,describe the system in your organisation and the documentation that support it
6618472509412490254,what period of earth's history are we in
6816857430342040781,who was the female lead in top gun
-2375091520893582321,does it cost money to get into canada
4681066416624222245,orange is the new black what did suzanne do
843214961395533734,can you see whales in the baltic sea
1018749983708460276,who is the tallest person in the world and how tall are they
3553055817075013482,1951 un convention relating to the status of refugees
-6476781166956171515,i'd like to spend some time in mozambique lyrics
-4916817572684322562,when is odd squad season 3 coming out
4578290815600706141,the early republicans (who evolved into today's democrats) were led by
-7704655298390317014,when was the last time the vikings went to superbowl
-7389483247064958493,who protects the tomb of the unknown soldier
6735611700687719020,1798 the sedition act is passed by the u.s. congress
-2465685978964515615,can you have two surnames in the uk
6596852637660325033,the leader of iraq during the persian gulf war was
5851337365362053230,what happened to the owners of the triangle shirtwaist factory
2608748299546722518,what is the function of t helper cells
1764978575589168758,when is the cell considered to be at rest
-6087074138708455426,has there been earthquakes in australia in the last year
-2093777857603129318,who is eligible for canada old age security
2573169506682460230,how old do you have to be to go to a gun range in massachusetts
5837617236497545650,who made the first ball point pen in 1894
-2923099231961605209,who got out on project runway all stars
-5907428535059834356,from what country did panama gain independence in 1903
4738266838877252266,when do they stop the clock in football
-2771853224645370836,list of all wide receivers in the nfl
8233016425421889124,which of these is a major river in colombia
3903155178592599702,what does it mean when something is cannon
-1098601072324418263,what happened to jack from on the buses
-4341043303624948665,who wrote the hymn just as i am
3314729644732586405,when does season 3 gotham start in uk
-1966320005472280798,who presents the green jacket to a repeat winner
2549492312979622965,who played in the world series in 1980
-5261871800699608965,government of india introduced the right to education on
-4488406213201466661,who had taken a famous hat trick against pakistan
2955328070995310039,when is the new season of the simpsons coming out
-4741742238053994072,when did easy like sunday morning come out
1490935806038299528,who sings kansas city kansas city here i come
-8564928611527540041,what's the difference between a battalion and a regiment
7741387357303652822,what is the largest lake in new zealand
-6651624403359557089,who did the delegates at the constitutional convention chose as their leader
-7726836689755641597,who killed macbeth in william shakespeare's play
4409569681517617000,where is the indian subcontinent located and what type of landform is it
-3018155545507689376,the theory that emphasizes the dynamic nature of the family is the
-2124943865389795524,hexagon is a polygon with six sides and six
6336339321478748801,what is the 6th amendment of the constitution
3806853111452090879,where did the last name daniel come from
-6963075547434673208,when was the last time the houston rockets were in the western conference finals
-7244739363483959295,who plays ethan in when we first met
3352954521719804319,what is the importance of the fertile crescent in the development of religions
-9086619123676232242,who plays daniel in descendants of the sun
2377384854455396721,directions to raleigh north carolina from current location
8610758141984337841,where is the big brother 19 jury house located
8076730224693248163,why is the real mass of an object different from the mass measured in air
-1076057531178266238,where is the arkansas river located in colorado
-1103554077661822274,who wrote scary stories to tell in the dark
2355948668889172709,history of living faith church aka winners chapel
6107744065426426142,in a christmas carol what was bob cratchit's oldest daughter's name
5282434309750734252,the railway budget was separated from the general budget in the year
-8123271698878210065,who was last person to be hung in uk
3819624518908939883,paloma faith make yiur own kind of music
7728929035460088094,which episode does mike ross get out of jail
-2665448476887422020,who won gold medal in commonwealth games 2018 in badminton
2617983715465535540,where is bagram air force base located in afghanistan
-1488920003195583137,who played the father of robert the bruce in braveheart
8937799392138716413,who is the current texas comptroller of public accounts
648512067235558454,which of the following types of models could be used to represent a cell
-1244999325919081621,ps i love you black and white movie
-234602573821659711,who is the blonde guitarist in this is it
2874361373184981562,who played rocket in planet of the apes
-5025292775649177086,sagar group of institutions (sistec) bhopal madhya pradesh
2838276877724702425,when do the all red 12 come out
6664728896530807681,who plays spider in blood in blood out
8593554857525566067,when did the silver threepenny piece go out of circulation
-3099714453746962128,when may an intervening cause absolve a defendant of criminal responsibility
-7307782329718839962,where do you find famous niagara water falls
-2503179989599872711,where does the word music come from apex
-1127705510318242846,what is the time between afternoon and evening
1446143713199658242,who played harley quinn in the suicide squad
4347245349372223886,blessed are you lord god king of the universe
-4119059375099251191,most points scored in a quarter nba history
2085445508407899282,where is the angel oak tree located in south carolina
-4910738789516249041,no news is good news with gary gnews
-2725940010462964946,what are the five services held on yom kippur
-4753687913669554396,when did the house of windsor come to power
181484681971861581,what type of bomb was used in london
1473637096113258426,where was rockin around the christmas tree written
-279770337812755150,who plays sled in secret of the wings
4697816389704341772,what kanye west song starts with a piano
1394786819780533128,the city of was a major center of book production in the gothic period
5037246049190270444,who is the next king or queen of england
3843278360096368780,owls sleep during the day and are awake at night because of their kind of
-7473419874891146415,the politics of experience and the bird of paradise
-8268731771917430259,what kind of gun does dirty harry use
2042063172454830096,when did speed limits start in the us
1570423536031108164,what happens at the end of the natural
-5028825576380304289,when's the last time it snowed in miami
4100117571712902661,how do you get to history on iphone
-2021454546414607066,notable egyptian leaders who shaped the history of egypt
-6906863517653665609,who played dueling banjos in the movie deliverance
5144765284694516156,who came up with the show the voice
6709349913690237888,who drew the boundary between india and pakistan
-7077714513389402999,where do the names carver and washington come from
-8137050165907192062,who is the cast of my two dads
-6876473254122261548,who were the first european settlers in the west
3665234875640877778,who played john ross ewing in the original dallas
-1659453931684324178,who was the last person executed in illinois
-7926807863809596238,where are they going where have they been
2434129910463807251,when did humans begin to live in las vegas
1042658853741103528,when did the battle of hong kong start
3385056004245795351,nearest metro station to krishna nagar east delhi
162810238202123044,where do i find the gateway ip address
3810682671285924019,who sang little boxes made of ticky tacky
126388495898924458,when did north korea split from south korea
5234147407086057737,who was the chief minister of mp during bhopal gas tragedy
4514615667125007658,who plays frankies sister in grace & frankie
-4866120783858662984,when does season 5 episode 6 the 100 come out
-6507232142374799121,how many amps are in a transmission line
6781055815801988911,who created the first monopoly of goods in america
-4751308489451294121,was jessica tandy idgie in fried green tomatoes
-4398299055798084162,when is the last time brazil won the world cup
7752652390083576358,what emmys did game of thrones get nominated for
-2908370255953603445,the impact of poverty on business operations wikipedia
7674411010077346778,where is the name jaden found in the bible
-7905085818603152811,what was the cause of the nuclear power disaster in chernobyl
-7026922964242364227,what is the longest word on the english language
-8537705386475861273,when was ain't put into the dictionary
-2317748887153441891,countries who are not part of the un
-3824295875653297229,which teams are in the russia world cup
3020619194355145112,who proposes a new law in the bahamas for the government
8497492253488326004,what part of roman culture survived the fall of the roman empire in 476
8936786180067737415,ph is the negative logarithm of the hydrogen ion concentration
408885445643772895,when was the term great britain first used
-2579591379756814235,pee wee herman's big adventure large marge
2811063604754391576,who is taking clayton's place on fox and friends
4357188946447054869,what benefits did the tva provide what negative impact did it have
-1124760967421453993,when did the wonderful world of disney air
-2537449394505637254,who played emily in when harry met sally
5224406316431603630,the major goals of the works progress administration (wpa) included all of the following except to
-9091959757496981737,where does uk get oil and gas from
-6398218324870328639,who is fizz married to in coronation street
4966393733750686222,when does the next season of big bang theory begin
5967385571730265084,what episode do chandler and joey win the apartment
-3200866996739244264,who were sons of liberty and what did they do
3499951649029335013,when did the eagles last beat the redskins
-4307097301657823884,what is the rank of haryana in the country in term of leteracy rate
226866233489247834,where is area code 608 in united states
2360659306019656606,this is the story of a johnny rotten
-4787002622036058452,who is considered by many to be the father of special education
4113432615092381478,who is the girl in overly attached girlfriend
-5220052955950325578,when does season 7 of how to train your dragon come out
6729980906802629790,what are the ingredients in a can of spam
3791628542051020438,who played the secretary in ferris bueller's day off
-3592980556697167661,when was the railway system established in india
-6135498632299697627,who plays the mountain in game if thrones
6839692192576603913,who was in and then there were none
6645268550466804230,the three pillars of the westphalian constitution of world politics are
7035115647567136160,they need rappers like me so they can
3752791323018168713,what kind of dog is bo and sunny
-849288725963416282,who dies in season 4 of prison break
4545070968411342749,who does natalie dormer play in hunger games
7821925106158323506,how many players are on the miami dolphins
1142454681841573726,what is there in the center of earth
-5441583848531337853,what is the course time limit for boston marathon
8852262574316730220,list of govt high schools in thiruvananthapuram district
-2425571196035410193,who sang come right back to me this minute
-8530219745420764651,when was a league of their own us road trip filmed
-400927846206074033,where are the hard and soft palate located
1320074250483026168,how did the growth of nationalism affect international affairs during the same period
-3133089248066590152,who is the blonde that kisses captain america
-6389534849428346834,who broke the code of the enigma machine
-843909058600034837,who played crazy luther on boy meets world
2732015773301009250,the movement of water in the xylem relies upon the
-8610711774716247943,how many percent of india's population is adivasi
-8185436752075156089,a well labelled diagram of a moss plant
-6516521217819234794,the order of the beatles on abbey road
296778629273720606,in what ways are the united states and mexico similar apex
-7581085175189893544,first indian to win grand slam in tennis
-7830228439926006253,who wants to be a millionare uk winners
-5888892519760513244,where is the ritz hotel in paris located
71967717957483303,is grand cayman part of the british virgin islands
-3294665427506778295,who played aunt esther on sanford and son
-6371226530291113962,the spanish equivalent of the french appellation controlee is
-7020279348317765743,nasik is situated on the bank of river
-3370190070757288457,what year is it in the coptic calendar
-7319410742489898655,when does the lease on guantanamo bay expire
-5873302677537285818,who played count dooku in revenge of the sith
830124127539256377,first indian to be a fellow of the royal society of london
1743770707818351033,how many us soldiers are stationed in guam
-275487253802945265,your lie in april who ends up with who
719904849712810587,explain the importance and attributes of three greek orders
1356625791654370013,who has the the most subscribers on youtube
4430824205720227907,who played june in only fools and horses
-1585813855804975462,when did god of war remastered come out
4273260097135392288,who plays the lady with the beard in the greatest showman
8799630041051089187,who wrote help me make it through tonight
4994799704811023295,where have human fossils been found in situ with palaeolithic tools
-7088170136212974861,who invaded india in the 11th century and what happened
-4761111897553680565,who holds the record for most rebounds in an nba career
5918202861717389565,who plays lauren tanner on make it or break it
-6320876140877453374,passion that should inflame the heart of the reader
-698446392383949718,why is the cbd found in the centre of the city
5330389613198590002,why did king james want a new translation of the bible
-6389957678274016593,who were the characters in goodfellas based on
3721053845534460232,where is the achilles tendon located in the human body
4906281760908299837,when does new year's rockin eve end
-5612926259040718510,who has the worst team in the nba
7196264661396570655,difference between checks and balances and separation of powers
-2654326787376105370,when was the first battle royale game made
6732078474185180336,where do norwegian air fly to in america
5969436370982643493,laws of the apartheid system in south africa
-6225095237379068351,when did 4th of july become a legal holiday
-7022928951460310092,traditional notion of fair play and substantial justice
-7388546529987549503,who is playing the prosecutor on general hospital
6326179744078017268,what pitcher holds the record for striking out the most batters in a single game
8971957647843325461,where is a little bit of heaven filmed
-6858476374741239330,gtb nagar metro station gate no 1 new delhi
1639627841824359858,list of local government areas in ebonyi state
-7909895911667049632,who played wisdom in the movie the shack
5663043907383494870,how did the plague alter the society of europe
8525735069474519598,where were all the fast and furious movies filmed
-772928261154964840,blade runner director's cut or final cut
7896646878919858721,how many employees are in a small business
-9045474746297494795,when does hershal die in the walking dead
-8999503433384529986,public funding for bilingual education began in 1968 when congress passed the
2108630866034400010,who made the song say something i'm giving up on you
-8795362592081555443,at what type of boundary do the largest earthquakes usually happen
5933286465123932546,when was the last time auckland had an earthquake
-635982743772819605,give me a list of world cup winners
2193766541217486803,avatar the last airbender season 2 episode 1
4921401149217868726,when does pll come back on season 7
-3390098729391831794,where will the next winter olimpics be held
-3754356330906842999,who wrote he's an on time god
-918870312517459958,where did the third punic war take place
7741156471567524189,who was the first president assassinated in office
-1141550598407731211,how many sweeps have there been in the world series
-5802429639212896382,describe the power and function of the president of india
-2982705560388652002,what government policies have helped to increase the share of wealth held by the top 1 percent
6415508427821533297,where was the movie snow on tha bluff filmed
-8188618882103189709,the island that canada and denmark fight over
8713939910603831156,the anarchic condition of the global system means that
-8439143646872054248,when was the dutch empire at its peak
-6877956939543346500,who is the winner of icc odi cricketer of the year for 2011-12
2671772779155224775,when did immigration laws begin in the united states
-2461864252280422889,was there a sequel to flowers in the attic
-5134690265970080810,what county is indian rocks beach florida in
3569729629084541310,forest lawn - cathedral city cathedral city ca
1769260702241487320,where does the isle of wight festival take place
6232225932731983061,why does england have their own soccer team
-3429827232104796889,spanish golden age playwright who is said to have written 1 500 plays
-74586616422464563,the rise of the west after twenty-five years
6950250386529258798,how many episodes are in season 5 the curse of oak island
-5234783571752869823,what was the book of james written for
-5970582499970411421,why was the north american free trade agreement (nafta) established
5865954144907771916,who played the equalizer in the original tv series
3736334734656763525,what is the institute of cost accountants of india
3162778718999190120,who played damien in the movie the omen
8227756672428492764,what kind of car does vin diesel drive in fast and furious 7
8517761665611778588,the study of kinesics refers to perception and use of personal and interpersonal space
-5508746502760474073,when is the last time a total solar eclipse was visible from the midwest
6619094979746662600,who wrote brown eyes by destiny's child
-5634199341595301925,how many runs have been scored in mlb history
-1495396774617480865,what are all of the states in the us
-9215952284547597079,who is the present chief minister of j&k
-8462252711679545189,whats the longest running tv show in america
-2243819184378159760,when did the marine corps adopt the dress blue uniform
2639735427364036124,is hawaii part of the north american continent
357658867863171970,i got you babe sonny and cher meaning
2359750014769355063,where in australia is the great barrier reef located
4781516776669237541,various stages of indian national movement from 1885 to 1947
4675278441072870522,where does the water in niagra falls come from
-8699750916657496528,when did the american medical association come into being
-3076750963070658103,what does the phantom of the opera look like without his mask
-8465856278803114184,who won the electoral votes in new hampshire
471908242675349614,la belle indifference is a characteristic that most often is associated with
4978332175777282730,who do you think you are uk current series
-1000839136751364336,gained more power over the king of england due to the 100 years war
-6753533146132755352,when did they start overtime in college football
-7650775258438360588,loving you is easy cause you're beautiful south park
4157907763802764967,what is the oxidation number of o in h2o2
5834842376974700200,team that have qualified for world cup 2018
6434501409719673085,when was iphone 6 plus launched in india
5749190974393211393,when did the american federation of labor start
7749347094348868342,who sang bring it back sing it back
1781842452787680073,who was the killer in eyes of laura mars
-4582333825916583747,artists started turning away from the impressionist style because the
1870146281309901681,when is season 6 of 90210 coming out
5791489057928823461,who is associated with making laws on certain issues in a state
1153912003433589899,you can't take it with you mrs. kirby
895608271725264361,list of all cities and towns in switzerland
-5387919188490013429,who coined the term protoplasm for the fluid substance of the cell
6630939913881426174,what is the type of reaction that produces iodine from iodate and iodide
1887697630571494641,who led the attack on european club at pahar thali in chittagong
6578974337045370384,where do the cardinals meet to elect a new pope
-4835764752977264400,how did the ottoman empire respond to western influence
-5160373363710115316,when did they find captain america in the ice
-7339210482057506826,how many royal rumbles did john cena win
8899594953585686316,what is the correlation coefficient a measure of
4909438980708415858,who plays sookie's cousin on true blood
-2096790925376712242,why is the british flag in the australian flag
-1082386136916033131,did kentucky secede from the union in the civil war
2758104108537717623,who were the two main groups fighting in the american revolutionary war
-1725899048508084892,who plays william wallace's wife in braveheart
-1572459119435612640,can i get a tattoo at 17 in canada
4579044044929955960,name of the child in miracle in cell no. 7
2646381048015168373,when did civil rights movement begin and end
-1132759749901270561,what are the different ministries in the bible
-8078753194078612630,where are the valence electrons in an atom
-2142321717826546492,which of the following is distilled from the fermented juice of the maguey plant
3462510872203254255,wheat field with cypresses at the haute galline near eygalieres
6164509685584680258,where is the promoter located in a gene
-4576946017005377181,what songs are on peter quill's mixtape
6089776110434501569,is there parking at bowen hills train station
-4631241478343751789,who is generally not allowed to vote in a closed primary
-3051333570191646685,what else is there besides democrat and republican
1210977948100662199,how many episodes of 13 reasons why season 2 have aired
3539339716981914887,which of the following is exempt from the poison prevention packaging act of 1970
856437307573315671,what saxophonist played on the classic recording of the girl from ipanema
7102163481288741608,who laid the foundation of national muhammadan association
3187590623097301784,who is the person who commits a crime
2954434894246411615,why is there only 10 teams in the big 12
4719891557272859453,where was the kill by 30 seconds to mars filmed
-2332289980875601135,what are the five most abundant elements on earth
-2960085784139744273,how many of the miracle on ice team played in the nhl
5473406282868286302,lily's husband on young and the restless
8176069541470851114,assassin's creed iv black flag game of the year edition
-4117525841651030895,what kind of plate boundaries are demonstrated in the model
169762303436492449,who said adjustment is a process of learning
7686586958623039434,what was the purpose of the stresa front
-3581900525106030542,when was red fort granted the world heritage site
4417967914072951573,who narrates the beginning of beauty and the beast
7102344820160589360,what is google glass and how does it work
9024832497188259204,what happened to hank on breaking bad season 3
8356990901000294630,when did peter beardsley play for man utd
9153342823594222850,what happened to amy pond and rory williams
-7144149967486958065,what percentage of us budget is spent on defense
-3889992153491126244,what impact did word war ii have on the great depression
3786894427446067659,who won the afc championship game this year
3353933147292083202,what time can pubs serve alcohol in england
4086818506042563518,who plays conrad in the cat in the hat
2221569607307872790,where is the us embassy located in japan
4199887791677804681,where does the last name briones come from
6690962340580358531,is the carnegie deli in new york city open
-8984758864140179005,who played alice tinker in the vicar of dibley
-7461357695183236893,who is the blonde judge on britain got talent
208394499346704351,how many seasons of devious maids are there
-4172637111645367578,when do the trade winds blow in hawaii
-6586941444901559683,who has the 8th pick in the 2018 nfl draft
-5575454316443932562,which of the following play is considered a postmodern play
-7039501482234267640,who sings break up in a small town
-6844453453334793866,what age do king charles cavaliers live to
-18140331563564628,who is the only bowler who has taken a hatrick in both innings of test match
-8921002727837590717,where is the captain from in saving private ryan
3863207507227605746,who won the war between israel and palestine
-6766909449968791786,what is the meaning of compiler in computer
-7798313879825074828,where are the powers of congress found in the constitution
-2552485490324870781,when did the redskins win their first super bowl
4180116231192590613,indicate the position of north america with reference to the adjoining continents
-3654344519533268239,who won the most battles in the french and indian war
2090066312283462426,who wrote the music for muppets most wanted
-811350959127931756,what are the five ws of effective news reporting
3088765612409907697,how many books in the game of thrones book series
-1457769660048968397,what kind of jet do the blue angels fly
-6726559380781259516,story of the man who sang it is well with my soul
-7464525008994791536,where was the new series of picnic at hanging rock filmed
-7792944924369004959,how many years did the democrats control congress
6650789498337349763,who has the most trophies in the nba
3339360187549308657,the same old song by the four tops
-8976728872773487377,in the de novo synthesis of dna and rna
7049953304080482758,what's the difference between gold and black hills gold
7797096866141962459,what is in the center of the milky way galaxy
3243815325313203353,when was my big fat greek wedding filmed
-3525150006150527574,who wrote the poem twas the night before christmas
-7714515002263606004,a known hindu temple with combination of sultanate architecture is located at
-4727878884627534344,who named the live oak (quercus virginiana) in 1768
5747268996221058496,which of these is not a common type of spina bifida
-1686151228336159286,what does the name collin mean in irish
-3240184417118923825,what is the purpose of the securities and exchange commission
-457917690563504076,who does the voice of plankton on spongebob squarepants
1479850784917860342,state biot savart law and express this law in vector form
1361581964856727759,where did the ring around the rosie song come from
8436557222767743855,when did atlanta braves win the world series
2333814316883540048,what is the most resistant form of life
5477406228160155963,can you play xbox 60 games on xbox one
-4172449352178223892,derivation of conservation of linear momentum from newton's second law
-891051588584514821,when was the last time nadal won wimbledon
7913114169742689901,when was put your head on my shoulder made
-846650778276667701,you and i have memories longer than the road meaning
442132180716324678,when is the last man on earth returning
-8710760414562825256,which two models of democratic government are used to evaluate the american governmental process
3844797611572499663,who brings gulliver back to the world of humans
1412551080603288670,who is invited to take part in the peace treaty discussions
-300398662391023444,was the movie the natural a true story
1356034083816478999,1. discuss the view that the overuse of common access resources is best addressed by government
-1576506406110050299,how do they work out the scores on qi
-8488751819444468105,the spider's thread by akutagawa ryunosuke full story
-5418782234069639586,what is the purpose of the nobel prize
-7542330639662387731,when was mars orbiter mission launched in india
-3619968215346163870,oil and gas companies listed in bursa malaysia
1045898293570551714,don't you worry bout a thing stevie wonder album
844561187643583261,when did the flint water crisis story break
-788430055814543384,where is suriname located on the world map
-5676612836929429854,who is the winningest team in nba history
-1739388695452987564,when did the british first land in india
-5881489989569414514,where was the last episode of age before beauty filmed
1607554666991715154,why might a president consider a country persona non grata
7983820348170366513,congress whos who and whats what in the legislature
5068572529357554071,how busy is ted stevens anchorage international airport
-2139853493646836028,when did sudan the last white rhino die
3857126336089192659,secession of the president of the united states
6731974407129529758,list of the nineteen northern states in nigeria
-8434978635471184497,2018 under 19 cricket world cup indian team
6802309738666501842,market share of tcs in indian it industry
-2645376354816950065,who did england beat in the first round of the world cup
-8298258563488317889,years of first republican in office since reconstruction
-812218797065406967,what's the oldest brewery in the us
-6546295553009515172,when was star trek first aired in uk
-2953287514585192762,what are the powers of the texas govenor
-82678015858085814,list of 360 games that are compatible with xbox one
-4004688880881326980,yes i admit i got a drinking problem song
3605563611424528513,who won the stanley cup the last 2 years
-1631159531547926111,who are the characters in brave new world named after
-3821659180516363159,how many registered political parties do we have in nigeria
7139463929899141480,when did saw the final chapter come out
-1322353107423122907,can you take the gradient of a vector field
-864079940572712821,what is the heart of the american government
-2806468897634092407,when does josh come in girl meets world
-1149472867648753610,who has won the indy 500 3 times
-5708342365312631014,definite value of energy possessed by aquantum of radiation is called
1370264237118718793,who operated in the first prison facilities in the west prior to individual statehood
3129803032990515610,when did they film project runway all stars
8787064710466316665,how many houses are in the british parliament
-7148273640389338552,which of the following would be considered an effect of the protestant reformation
764205026622421022,when were all states admitted to the union
-7214279437975636412,history of nuclear weapons in the united states
-4471816801665732538,what does s u v mean in cars
6682556312876448763,baka to test to shoukanjuu ni season 2
-3647109209963541843,where does slate come from in the uk
892015566649170577,who plays wendy the waitress on how i met your mother
-5607668321038662219,kid actors in how i met your mother
-5788703796326153261,the cast of blood in blood out where are they now
1038137849299672594,where is the 2014 world cup trophy kept
-5906810719803892245,when was trump tower in las vegas built
3715971020195949811,mlb record for most runs in a season
6921897146879412189,when does rick and morty season 3 dvd
-5306292375265786475,it's only the union jack at sea
8678196121406906264,what was a major result of the mabo decision
-4958236367124491716,how many horses are in the preakness race
4950320361054558594,the portrait of a lady isabel archer character
743547366961601646,how old was malala when she wrote the book i am malala
1295275466305693286,what allows the nerve impulses that initiate muscle contraction to travel along the sarcolemma
297985920481257434,why is zelda called breath of the wild
5768985414845859748,when was sony walkman first sold in stores
6427338267197719052,what university did chandler and ross go to
5998893097572209109,wwe summerslam 2002 brock lesnar vs the rock
-5712577121518719807,when did the first cd burner come out
3864451508629714993,who played scott grainger on young and the restless
-2504198622305740093,who sang the song rub it in rub it in
-3302788848102538665,what kind of raptor was in jurassic park
-3178511056863824771,clay walker only on days that end in y
-4004023149539277157,who fought in the french and indian war and what was the result
-5234835225889497604,where did the last name vega come from
-967607334726559522,when does season 17 of family guy come out
-3184114901278242612,what are the blocks in parking lots called
-89051380714157606,who was the last person to win the best actor oscar for two years running
3475870334346149919,who made the book diary of a wimpy kid
7531737098711408674,what does it mean to have mineral rights
3502462257492783210,the attraction of water particles to each other
-802693982047288934,where did the neuse river get its name
2294743925395217490,when did dunkin donuts stop making donuts in store
-1727248075188086598,where does the last name israel come from
-1854616354455369723,who was the singing voice of young simba
5621251439590172784,who was british pm and viceroy during quit india movement
-156511871826419606,where are most of the hops grown in the us
-2077199831208187474,show on which key and peele got their starts
307950791230383896,what state is the statue of liberty actually in
8863871977919067234,who is the actress that plays cersei on game of thrones
-2172769801708180754,who played penny woods on leave it to beaver
6411826636132506783,in what part of the mitochondria does krebs cycle occur
-6536907191739658979,when was the last time geelong didn't make finals
-9121976734098360153,chicago hot dog restaurant that yells at you
8930307224434550917,what channel is tbs on antenna in michigan
-5589421165174279640,do you get a masters degree in med school
-8451662465186082393,who was the first indian scientist to win the nobel prize
-5253487869627880139,when did the air jordan 4 retro come out
8549741314746218949,when i'm 64 song by the beatles
3669910278822586485,glen campbell song turn around look at me
-548770858071771567,who plays the little kid in big daddy
-1457018415932687185,what is the currency of papua new guinea
3159108025608100377,who won the wb oriental super middleweight title
-5754828692963111518,when do they stop selling beer in nebraska
6255322062961303520,when was trigonometry first thought to be used
7055762217819994841,who wrote the preamble to the constitution of the united states of america
596530276689679789,the universal service map is a detailed example of
-3683894764438194327,where did chronicle of a death foretold take place
-3285535611520221385,what is the meaning behind the movie american psycho
-1535054743494141162,who played the creature in jeepers creepers 2
-5741620630571747464,who does alice end up with in home again
2430959995983755338,who plays the redhead in the last witch hunter
-8577287807632653393,the land boundaries that the colonists received after the american revolution included
3030766965210435852,who sings the theme song for hart of dixie
6446336903231787395,why is the world line for light 45 degrees
-1354891130349942872,who has the most rings in nba history
1765063797849083918,who is the irishman in sons of anarchy
-4540391011168188318,best football team in the world fifa ranking
656830045634406645,different versions of windows operating systems and their features
-5758432822667046163,who has won the most trophies in english football
6043937434308302950,when did the usa leave the gold standard
-3985145657439143398,i know dark clouds will gather round me lyrics
3951582488740818773,where does the liquid in blisters come from
3315286582341691829,name two or more factors that influence data partitioning
-6138055789000532653,who played jazz's wife on fresh prince
3965731445841681224,the walking dead season 8 episode 3 ratings
-3681457357452826929,what year did the first pokemon game come out in america
-5401130554948245200,what caused the bread riots in richmond in 1863
-6100973605310506106,who does rachel have a baby with in friends
2954180641472681852,which terminal does qatar airways land at manchester
3911215490659682037,prove that sound is a form of energy
8620047074308833396,when did ronaldo scored his first champions league goal
3439797670375301361,who was the character quint in jaws based on
5987990257319210622,who does the voice for bob the builder
-4262773937900820308,where did pot calling kettle black come from
8179639072790598218,upstream and downstream process in oil and gas
-6893813172469320198,what is captain america's shield made of in the comics
-3488856319977631156,what is the orbital period of the satellite
-5681910740492849862,who proposed a portable home consisting of a machine generating a bubble of compressed air
-4116655552068911485,who is the lead singer of mercy me married to
1372625567472276199,why did turkey build a dam on the euphrates river
2183249127684771586,dwarka sector 21 metro to noida city centre
3744475088613494263,little house on the prairie john jr died
-3049887882193851379,who did the song living on tulsa time
-1125869880928594601,who plays sarah aunt in a place to call home
8273283755707422926,who played marty's dad in back to the future 2
-7572630263247519637,newspaper published by raja ram mohan roy in persian
-2624616842742483494,the devil and god are raging inside me jesus christ lyrics
3379913685968112663,who sings deep in the heart of texas
6825280117987797001,delta delta delta can i help ya youtube
-3525936321682613558,who played goose's son in top gun
-2503834475437637315,describe any five impacts of the french revolution in the world
2209068619558133930,who wrote the book of wisdom in the bible
-8785178576893271242,who played nellie on little house on the prairie
4445487358659242086,where is the red dog saloon in alaska
-8719044782668819400,is it legal to own a galapagos tortoise
7643611508647738725,what's the difference between 1zz and 2zz
-4636970449847118014,where is the first game of the stanley cup being played
-5887142953118662241,who won the battle of richmond in the revolutionary war
-7800837541185446771,when does the game show the wall come on
-7856146362264889234,where was the hound of the baskervilles set
-309629532722239428,man of the match under 19 world cup
-9043623514323250444,why was the auto industry important to the united staes in te 1920s
8662181975820366388,how many canadian provinces border the united states
-8270732199689788659,what are the country stations on sirius radio
7579511793801765552,when will the melbourne metro tunnel be finished
281764754649511109,why is sugar of salt added to foods to preserve them
7216473425769683423,who plays chris in the movie get out
1873902142401398082,how many local government are there in lagos state nigeria
-6395255424685604901,the wisdom of crowds said what about public opinion
-3542903296365347931,when is invader zim the movie coming out
-7751939258698954662,who starred in saturday night and sunday morning
-8212960696659309153,what is the difference between arithmetic progression and geometric progression
-3028005484340775684,who has got the most followers on instagram in one day
8333803404739457840,what happened to kevin cant wait tv wife
-2062765183928872918,when will the sydney light rail be completed
-2982864837102905544,what are the forest spirits in princess mononoke called
-6126466859753267230,what is the dar daughters of the american revolution
3096495254038163516,is it wrong to find a girl in a dungeon season 2
5253890450198878374,what is the holiness code in the bible
-6442214846767161104,dogs and cats the revenge of kitty galore
-2635175881175000630,acorn worms and pterobranchs have a body plan consisting of a
-7148665874270812773,who wrote the song en mi viejo san juan
499697559764026924,who made it to the world cup soccer
1029658780769892043,who owns kentucky fried chicken and taco bell
-3797476742102101545,who made the song what a wonderful world
-566023516572538908,who won 1988 olympic figure skating gold medal
-8898102918136521412,when do playoffs start for major league baseball
-1051243652891068450,where did the prime minister live before 10 downing street
-5774219742694157949,where did the second continental congress take place
-3904086378457247876,who sang the song a little bit of toast
-2902319218459993132,what is the full name of e coli
608479223910610707,does the president choose the speaker of the house
-9202076979508481822,culture club the best of culture club songs
-7358985108697827429,how many rounds are in the nfl draft
5172751869888172841,who was the actress that played punky brewster
-5040054665274574050,where does the god of small things take place
8190105880822519700,where is industry located where are the industrial regions
-5840138797164362636,this type of it application control ensures that data is free from errors at the point of collection
-9189695770841577104,what is the average size of a sea otter
536102286649482012,when did the first train run in india
3215614700204068165,who wrote the music for that thing you do
-6408176374081970770,who is the guy in the nap pod in the internship
-3208205010431016928,when did the pistons move to the palace
6449770282844022176,how many mary's were there in the bible
7030758716024791080,who won season 2 of america's got talent
-5921502622955816202,who plays the mother on two and a half
-5568426837226547384,where are guns illegal in the united states
4509959818516876508,do they find out that katherine is in elena's body
8190546989852504690,how did scarlet witch and quicksilver get powers
7189105418210338673,who wrote and directed top of the lake
-1933684753968662876,who has scored the most goals in world cup soccer history
-7993757287407377698,la cage aux folles musical i am what i am
-8496475875442124708,when did the nationals win the world series
2890512047432291042,what route is the george washington bridge on
8474601588104089616,how did land policies and inheritance laws limit opportunities in britain
1516325883412123225,the crisis that sparked the un to create an international law
7786967972771078178,list of 2016 bollywood films hit or flop
5024246232258910142,when did the bengals won a playoff game
3355102851244543769,who played erin's mom in the office
-3258785857058977372,where does the name tj maxx come from
-4690800536611818372,who singing this song and what's the name of it
-8518595539743409537,why supply curve of labour is backward bending
8851002550980734812,who wrote if ever i would leave you
2637821573610653539,the most recent part of the nervous system to evolve
406550340098672293,when will the next episode of killing eve air
-6417872953283200950,the university of british columbia vancouver (ubc vancouver)
3588557746653535838,who sang and i think to myself what a wonderful world
4816100476284220181,where does fallout 4 take place in the timeline
5926321939546619178,who voices deltron in craig of the creek
6454917798478465286,clever hans could answer a question correctly only if he
-2257574864220313231,which is the largest official residence in the world
-3246483372161069585,when did the lead singer of lynyrd skynyrd died
6348680529020206710,what type of myth is pyramus and thisbe
7744900792110589452,indian air force day is celebrated on which date
8713891559060012620,what happens at the end of the gingerbread man
2940965573734540376,what drug do they take in magic mike
-2427677249166957313,love is a many splendored thing song grease
-7821078512582688151,the purpose of the hanging gardens of babylon
-8986520816783523734,when's the last time the los angeles dodgers won the world series
1904880623484416049,how many years did the mexican war for independence last
-3734535098816579351,what is the outside lane on a highway
615575079937659300,is there a difference between chicken tenders and chicken fingers
-1793071439122681093,what is the point of life of pi
5365706410020563629,do you need a license to carry a gun in mississippi
-7324265304382748176,cities that start with a s in california
4198387696197986049,when was the last time the falcons were in the playoffs
-955405454169145970,who was involved in the battle of river plate
-7409847359832753675,to live and die in la review rotten tomatoes
7888226379175271674,what does on the shelf mean in mob terms
2152433678881288213,when does captain america the winter soldier take place
-6303928093196711322,who plays ayesha in guardians of the galaxy vol 2
6472956416320698581,why did congress support the building of the transcontinental railroad
-8240986710384543683,network for electronic transfers (singapore) pte ltd (nets)
7381099825083695062,what does a distributor cap and rotor do
430686166324902367,who won the gold medal of olympic in wrestling
-4458792661381605785,nicknames for the president of the united states
-2223905301369399491,what is the theme of the day the earth stood still
6100068785313267591,who sings the song this little girl is mine
3696186186935138589,fear of the walking dead season 3 second half
5738156705785462784,how long was the mad king in power
3466196109516518739,who plays daisy on marvel's agents of shield
-39142453716962068,what did cccp stand for in the soviet union
-6724286287375698576,what part of africa do trinidadians come from
-4257162851692784830,what are the characteristics of a grey wolf
-6649499683168119763,promissory notes that are freely transferable from one party to another are called
6196139774828357564,which of the following statements about attention-deficit/hyperactivity disorder (adhd) is false
4698425182213715079,when does damon get bit by a werewolf
1977081247194957124,how many ounces in a glass of beer
4661327089794941087,who sang the theme song of good times
434488056262031490,what is the tallest skyscraper in the us
-8374002640931321122,is a honey bee a vertebrate or invertebrate
194800502770326238,name a city you would not want to live in
932218447881267285,who wrote the song born to be wild
-519734726453291229,what sports did they do in ancient greece olympics
3478556384740193525,who presented the first budget in india 1860
5554475926788880881,where does the river alt start and end
9136406373766075850,when is 8 out of ten cats does countdown on
-1745199365045278113,what is the climate of christchurch new zealand
7092175368877175602,when does the next season of the graham norton show start
-8235816179603269389,when did the first mary poppins come out
-4532667012171962152,what were the basic principles of the communist manifesto
-7884669224614816002,thicker than water only fools and horses episode
8086401000151694867,who did the us buy the oregon territory from
-1930233365847491438,what is full form of a.d and b.c
-5118281616792832793,when did the us go to war with korea
1551482981750940068,give the basis for the federal system in nigeria
2226181360441092151,where does the nickname big apple come from
5722492313055531020,who played bobby jones wife in the movie
-8455638285206195740,hey baby hey baby we in the club
6531658340295497640,what year was the first march madness game
1686977533775896988,record for cycling from lands end to john o'groats
-630123858112363023,what is the film a dog's purpose about
-44874303476858859,where does drinking water come from in california
8898536556703732619,who sang in the we are the world video
-2571757083902290964,who played kit in a league of their own
-8693231359293563842,when did stoke get promoted to the premier league
-7203755351730838389,in general the ocean floor is younger than the rocks on the continents
-4017465479708871883,the first product made by this japanese giant was an electronic rice cooker. the company is
-8527732166494141295,how many high schools are in cobb county georgia
7093495639497873374,how many episodes of the black tapes are there
7449595710091693620,who has the sole power of impeachment constitution
2648516685494037233,electric front windows + one touch + anti-pinch
7165389163314567339,what is one of the criticisms of abraham maslow's hierarchy of needs
5981035204224479327,list all the different passive and active transport processes
-8019681542480304187,when does michael come back to dunder mifflin
-1136249296229316325,christ for the nations bible college in dallas texas
1150136032960235520,who played david banning on days of our lives
5212534170548063214,from which language has the word cheetah originated
2199795679567383338,who is the she that gollum refers to
-6771876966604488745,what's the difference between a pillow and a cushion
6789933270744863006,how many albums does black veil brides have
-4736948832458679083,bacteria which cannot exist in the presence of free oxygen are
-417722980957748976,what is the nvq level 3 equivalent to
2166334432395294784,what were two statements the second continental congress made
7835543549598040955,when did mexico stop using silver in coins
-4967029581617464859,the phrase of choice is a standard english equivalent of military jargon
1090933181703168543,who said imitation is the best form of flattery
116947108370501800,where is the hockey hall of fame located
6629406407297148925,who is singing the national anthem at super bowl 2015
1447941101925144282,who plays jack's dad in this is us
-4022015592537197268,when did they stop using silver in us coins
-1270700350200788966,what is the area code of north carolina
-64520597282987172,what is phoebe from the thundermans real name
3676853389305001868,where is freedom of religious expression still denied
3733328795618507865,how many nba titles does kobe bryant have
-219049911849602538,what episode of when calls the heart does jack get hurt
3067766019984427604,ocean currents are being utilized to generate electricity in europe
-3323374010684929327,better to burn out than to fade away
3882477903397024525,who was on they think it's all over
-5856889455875255781,when is capital punishment used in the united states
-3905512977793428222,what happens in season one of game of thrones
6338646971609384601,who represents mississippi in the house of representatives
5612855911575821466,where was kal ho na ho shot in new york
-4409149491690948110,they might be giants i palindrome i lyrics
-3039745806966464536,where is tokyo located on a world map
-1493139709036609748,how far from here to columbia south carolina
-263889817184798223,where is the one love manchester being held
4091424951015640536,on the last episode of dragon ball z
-2800053244397753203,what was the great awakening and what caused it
4175522734408494496,when is the new episode of arrow coming out
7926052370952575718,implication for teachers to develop holistic understanding of the learner in context
6131301022005992581,which of the following is an example of a cheniere
4145602262391584760,shooting star hang on for your life album
1858206681659807607,who has been appointed as the us ambassador to india
-5910397393971466023,where do i get a philosopher's stone
-2834916846798739159,total number of games in premier league season
-1407017527372361104,when did they start using pvc for plumbing
-8129820347382890950,is the cochlea part of the vestibular system
-406531455840864444,who played the king in coming to america
4548919726521300661,why is international trade an important economic activity
-5901980563299033801,how do you find the sd in statistics
6630491292960390732,which state has the most influence in the house of representatives
-4488260372652642393,when does the male-female difference in the level of aggression become apparent
8831330788244827383,when do the sister chromatids separate during meiosis
8759577217786882751,where is fred on roseanne jackie's husband
-2205113484466445563,full list of xbox one backwards compatible games
7967875638334240742,who won us open 2017 women's singles
3837527725303916963,actress who played emily walters in the recent movie hampstead
7467406621035058472,what ship was cher on in the video if i could turn back time
-8045380272382634963,who was thought to be the first european to discover australia
-7817971310710159156,where did the last name maxwell originate from
-1138329116425504488,when did the last episode of code black air
8105202249720207352,statue on top of board of trade chicago
7740207236512815474,who sang and danced singing in the rain
8929710771855265660,who played the uncle in my three sons
4399139490573059960,the story of how lord ganesha got his elephant head
-4061937427304091491,who does the voice of erica in hotel transylvania 3
-2048898533044241370,after losing nearly all its trees in world war ii south korea is now
-333053304538625628,when does it start getting cold in seoul
4951849277719476905,where is the majority of earth's fresh water found
-7369462347699218137,when is olive garden opening in morristown tn
144362366235588355,what name did the national assembly give to its character of basic liberties
-4123415711581799075,what factors account for the urban heat island
-1763189946301465897,who was the first king of egypt to use the title pharaoh
1351271957293945979,what color is the little engine that could
-2875125569600759947,did morgan have a baby on criminal minds
6295894182996700744,who played woody from suite life on deck
6350866088928237089,what is the meaning of liturgy in the catholic church
7435004915676933158,who is the voice of brick in lego batman
-4624498934233083359,who did rick speak to on the phone
-2314671387756376201,where is i repeat where is task force
-3675478481857186593,when is fortnite battle royale being released on android
-56991332080820219,when does grey's anatomy come back on in february 2018
885592514971193163,is world cup extra time a golden goal
252838399855157693,the geographical features of the valley of the kings and layout of the tomb
-3650520728476875933,what is the name of the dresser in beauty and the beast
8786588731027314810,what was the capital of the united states in 1783
-3998085490982088053,who was the first president to live in the white house in dc
3769774955079683351,who is considered the founder of communist ideology in india
734011934090405093,what was the winning time for american pharoah in the belmont stakes
2063348015576640577,in which year did sap released sap s/4 hana enterprise management 1st version
-7167950250340838633,who funded monty python and the holy grail
-2334949414389139860,who is the blonde cop on blue bloods
-7841771875491340636,who won the 2014 britain's got talent
9188385014244230396,how much money does the nih invest annually in medical research
-5799867409263641731,what is the movie brawl in cell block 99 about
-2446165465099360240,what type of gas is produced during fermentation
-2655899274320205308,when is a baseball game called due to rain
-941080888412442454,what was the name of the first casino in las vegas
1877161713133036633,what is the difference between armani and emporio armani
8125795217148198013,who decide bill is money bill or not
-4245598139506617790,top 10 companies in world 2017 by revenue
-6985524338274020740,when did ireland gain its independence from britain
6832864959649685277,summarize the story of the roman father with two sons
2574901746475984028,when does mlb call a game for rain
4388394413865308263,where does the saying none of your beeswax come from
-4373868128369999275,how many troops did each country have in ww2
1760668370373084106,what were paints made from during the renaissance period
-1333160169940413544,chief keef - i don't like ft. lil reese
-6957253403318682752,how many days in bigg boss 2 house telugu
-689343655496353368,what are the people's role in north korea
-4628786371960972147,what is the population of huntington beach ca
9010080864872114883,where are the 6th and 7th rib located
-8837799503630557131,donkey kong country tropical freeze switch release date
-34173107849118544,who introduced high yielding varieties of seed in india
-3411234561698152167,where does the eurostar go from in the uk
3286057850840959477,kendrick lamar ft. dr. dre - the recipe
-5681874431450262266,how did we get the new testament canon
-4285111253300240271,what was one european country that controlled a colony in the americas
-6345761143356895957,what secret weapon helped to hold off invaders to constantinople
-6678260322120620231,who sang four strong winds with neil young
-6668614063857013167,are more deer killed by cars or hunters
4810762957167588037,who said dont shoot until you see the white of their eyes
-309196763438169949,who is the actress that plays debbie gallagher
-4792512446049200100,where does the phrase pork chops and applesauce come from
7988861689544591758,reasons for the collapse of the ottoman empire
3098640310058793645,what is the difference between the chorus in tragedy and comedy
-7865070358903581681,when did if i were a boy come out
1126267908205316047,when did the cubs start playing go cubs go after wins
-2973929075597633951,who wrote ye jo halka halka suroor hai
-6838724493601302256,who wrote the song all is well with my soul
5890177086723555876,who was declared as the winner of national award for best actress in 2018
6687261327667107440,what is the relationship between india and israel
3711760364057788487,what is north korea's relationship with the united states
2486497863718203052,who won the 2017 chinese grand pix held in shanghai china
-719409305784874033,why peat has to be dried out before it is used as a fuel
-1150718659556425493,romanticism developed as a reaction to the rationalism of the age of reason
1097397617583916679,who plays babs in the league of gentlemen
4283155407887167136,what is the fourth phase of the moon
7350132855160729376,who wrote the song all i want is you
8526406911230736145,one tree hill when does haley get pregnant with jamie
-5677946749540898756,movie with hot air balloon at the end
-7035191607963822076,when does the my little pony movie release
-6190004721116513769,marines have semper fi what does the navy have
-8124009656713317157,the beast from beauty and the beast 2017
3641441381371727583,wizards of waverly place episode alex meets mason
-3421075331265423871,when was the preamble to the constitution written
4174113568782410815,who made a fortune by inventing an automatic blood analyzer in 1965
6671850109875980062,what grade is a 6 year old in usa
6227552475715776120,who does ian wright's son play for
4273665477534805068,i wanna get free the vines mp3
-7004101530912632135,how far is frisco tx from dallas tx
-3650592392968493123,what channel does the real talk show come on directv
595439404817095012,who played the princess in the pink panther
1821692455170471016,the final page how i met your mother
587926607969522178,how much weight can a cessna 182 carry
7635081933088431357,what does it mean to walk a block
-8494047323333021502,who got the param vir chakra in 2016
5934982004204090298,what were the results of the crimean war
-8091360622654104053,what was the purpose of population registration act
-7114153850726329588,who has got the most subscribers on youtube
-1139904579232842793,gestures involve movements of which of the following body parts
-7457419985469907567,where does most of the world's rubber come from
-2704514716240841433,sarah brightman classics the best of sarah brightman songs
3843561892347404574,when was cross country skiing added to the olympics
3520220695942418868,when did atwood wrote the handmaid's tale
933834160792278573,glenn gary glenn ross coffee is for closers
-984662381257861860,who won the war between sparta and troy
3457440174799407106,when did the new 3ds xl come out
1655118347301627163,what is the owner of sweetie pie's name
-7345317015137172439,who has the highest co2 emissions per capita
-4233915036649549072,list of teams qualified for 2018 fifa world cup
-6530961443229756461,felony offense is an example of a crime which does not require a culpable mental state
-273253902071933608,what song has the lyrics let me clear my throat
-2950588738957802750,where did pig in a blanket come from
3490753669024343526,who played the role of van helsing in the movie
-8008220735652442997,who founded anushilan samiti at dhaka (decca)
787833747411241020,back to life back to reality letoya luckett
9119228687075388629,is the grand canyon a 7 wonder of the world
8023228042670206619,i'll be home for christmas movie jessica biel
6685401403453950888,how old was kobe when he went to the nba
5420634144201667007,story of the boy who cried wolf with moral
4423372847713895000,tu hi toh meri jaan hai radha mp3 free download
-5814117594284622229,where is stratified squamous epithelium located in the body
1884686789307796306,where do the red sox play spring training
-6291349802724938462,when did the brown vs the board of education start
1063320969246893459,who has albums called 19 21 & 25
40569647157600292,standard unit of length in the metric system
-487782343717091196,which of the following is true for switch statement in c++
-8630679980562299123,who did i meet in my ladys chamber
-8039932966844229922,what station is the discovery channel on direct tv
-2601342411439709049,when can you use the term patent pending
2607583034319565268,other names for article 1 section 8 clause 18
-4098503973990443703,who voices the frog in meet the robinsons
-4856334593918314709,indian player in royal london one day cup 2018
-6203211194385092899,how long is the delta terminal at detroit
-5214293920386286822,which one of the beatles are still alive
-8904380329231674147,what is the plot of the most dangerous game
8011790522867956575,what does we fell in love in a hopeless place mean
7033282709394211299,difference between positive and negative assurance in audit
6578396987148901784,whats the least common multiple of 5 and 150
-333559510937207918,when has the unemployment rate been the highest
6531033416360044652,rocky vista university college of osteopathic medicine – colorado
891177615056271601,who played clara on the andy griffith show
7117507477636936430,the good doctor season 1 episode 2 release date
542636723781310946,who received the most mvp awards for the kolkata knight riders during ipl season 9
-4375670593398373141,endangered species in pakistan and how they became endangered
429289802400219809,who wrote the song nobody's darling but mine
6591896260532094516,where is this year's world cup being held
5396832776328283062,where is texas a&m located on a map
-8301194811226293961,i too had a love story book images
-8195267543216325143,how can the hyper-v feature be useful in the datacenter
-4430298293065657498,what is the population of bridgewater nova scotia
-4970759253480885646,baba black sheep have wool yes sir yes sir 3 bags full
-7491173359012461593,how old are the members of the band the cars
-2163520346586498289,who voiced star from star vs the forces of evil
-1582683627533002367,the pc is incremented by 4 during the write-back (wb) stage of an instruction execution
-5097119395600896849,actors who have appeared in more than one bond film
-2820889567923412755,what is the quiet period after an ipo
-4694730302045958290,value of a new york city taxi medallion
-6660889080956700844,who will be on project runway all stars season 6
-1204745578221456705,hum tumhare hain sanam shahrukh khan hindi movie
7837233775960620859,setting of the movie every child is special
1625927154395389560,who did steve douglas marry on my three sons
2213817700760617034,who is generally considered to be the father of western philosophy
-115260667223548746,who sings the all grown up theme song
-5154472816548004206,pirates of the carribean dead man tells no lie
2209087584187696583,when did the us declare war on germany wwii
5166662032092873003,the hunchback of notre dame characters and their roles
-1941032820556083520,when do i start the 12 days of christmas
2588909480684195421,what does c mean in track and field
1901541390329849439,what are all the lord of the rings movies
8657295549922886359,what season of walking dead is negan in
2289341683187525138,the president of india appoints the judges of high courts
-1431489886776221843,who sang don't you want me baby
231521448352670666,who played henry turner in pirates of the caribbean
7870601824239441870,who is the most recently appointed supreme court justice
5930224694024422807,where did the term widow's walk come from
7757474138948283467,how do international players enter the nba draft
6340954164937514485,who was australia's shortest serving prime minister
-5008840312816697583,what was the role of a patrician in ancient rome
6953252410194091676,who is generally considered the first american lighting designer
-2270989725585311868,who plays james on the end of the world
5056676222367344773,what is the largest county in population in tennessee
-2795242768999994988,who appeared at the end of dr who
-4441671275882186205,age to get a tattoo in washington state
8501821636950201050,who sings the song have you ever seen the rain
-1000145448623534619,the most fundamental component of the concept of number is the process of
2805428756693018836,who defined culture as a system of shared meaning
-5031970963069408017,where do you start the west coast trail
-2789763692922341800,yeh rishta kya kehlata hai new child cast
1577856268255542686,asian countries prime ministers and presidents list 2017
-3772757164187768747,when did they stop circulating $500 bills
9141132855546442412,can my remington 1100 shoot 3 inch shells
991349096150359700,when did the world wide web become available
3846566324448284150,can a senior in high school play junior varsity
8572862880729404969,what word does not have a spanish root tornado connection iguana hurricane
-8788385316218531566,are there any wild bison in north america
-8977406783855272081,when was the last time phoenix suns were in the playoffs
-2570288390087158288,when did the united states land on the moon
-1333166492977006786,free state-supported schools that provided education for all students are
-6118039523843466000,where are the iguazu falls located on a map
-6127602017728672949,who are the hosts on the real talk show
-3882127617249793807,who is the youngest of the kardashian sisters
5604628950773289600,what kind of dog is in american wedding
7794868127584730891,when did lead stop being used in paint uk
-909056216998320761,days in the sun from beauty and the beast
829333425769008807,hebrew names for first five books of bible
-3217447140996832028,who caused the fall of the assyrian empire
-4276373862437178588,which statement is an example of the interdependence of organism
-7926779692408411494,the super cyclone which slammed orissa in 1999 was with an approximate wind speed of
-7932056462770987303,what's the record for the seattle seahawks
-184060989928793318,the origin role and principles of management accounting
1370204718177923592,common sense is a poor source of psychological information because
511062639286699067,biblical references in coldridge's dejection an ode
-6173641348466319661,which of the following is not true of plutos largest moon
5980192797543770060,which african american leader was invited as a dinner guest to the white house in 1901
-8251697091331042823,what happened to the boy who played damien in only fools and horses
-7758205110113406493,who qualified for world cup from north america
3381129820818411610,how far is seguin texas from san antonio texas
-6993505342288008198,where is the nfl pro bowl game being played
3945866594723616898,doctor who season 4 the end of time part 1
5278624586710770666,parks and recreation season 3 episode 7 cast
-5882784625436484983,what's the best record in nba history
2851190840909064482,the output level at which diminishing marginal returns begins occurs where
-7339965333551774105,when is the fertilized ovum considered an embryo
5261276237190904790,what is joy to the world by three dog night about
-6759815759990707611,where did captain america's shield vibranium come from
3148169796777988010,when did lane splitting become legal in california
-8862355176843546175,when did michigan pass the no smoking law
-8249049723095066291,mt st peter catholic church new kensington pa
-4660281294467578731,where did the romans get the arch from
-8703845203547233062,what day is the first day of the week
-3301344818656437770,the democratic split was so severe during the 1860 elections that ____
-7086480978608006518,who do you think you are episode guide
6607484139456152272,when is godzilla king of the monsters trailer coming out
-4237520837901993582,where does the saying the whole kit and kaboodle come from
4974583647945706169,what happened to eric on that 70's show
5859413258919157682,where is the rod laver cup being played
2865822854043784673,how long is the first planet of the apes
7084139787453035208,the thin contractile protein of a muscle cell is known as
6229133255707815052,who keeps the world cup trophy after winning
-5082881296090033374,who wrote the song one is the loneliest number
-7677827825438292637,what is the difference between an umpire and a referee in basketball
8029181888349836582,where is necrotizing fasciitis found in the world
373716263732495078,what is the actual size of a1 paper
372416570356183576,motilal nehru national institute of technology allahabad uttar pradesh
591917263158004608,when did the nes released in the us
-4868777848829690112,i ain't got nothing to hide i want the world to see
-3064510726845905441,grammy award is given in the field of
-3164081998575832554,1. name and describe the different states that a process can exist in at any given time
-2186922909114861856,what is the normal tax code for a single person
-2589911124462058000,when was the last time the redskins beat dallas
-8167518452171174271,who has the power to make treaties with foregin countries
-9187145880963454090,can't get you out of my head kylie minogue
-1458092437434780207,what was added to the constitution that listed right not already in the constitution
3918589483962211382,how many inches is a piece of paper
-5272442032630652825,who plays lily in we bought a zoo
9207480968808265645,the doors live at felt forum new york
-4622672514569355964,do most non-profit business offer products or services
-4960843670595414609,in which caribbean country is the production of lumber a major economic activity
7080942050343983506,where is the great wall of china is located
6401495941651503543,when was the last time army went to a bowl game
-1142370880508633313,who played the first black president in a movie
-4192007188339433287,when does a baby learn how to talk
6910614225791704556,is florida state university a division 1 school
3543285452371832142,all i really wanna do is maybe be friends with you
6534962114878654656,is there really a banker in deal or no deal
411714674784859224,discuss the second great awakening and describe the scene of the camp meetings
-4493102389508051089,when does zooey deschanel return to new girl
8334972819546777952,what is the original traditional religion of africa
-6373510356030264940,who came up with the human genome project
-4577858557888493505,i'll be there with the love that will shelter you
-460207643135594694,who's the special judge on america's got talent
425352318070634428,how many different versions of the bible is there
1368671315811134645,who established the six principles of chinese painting
778892557536243741,who are all the characters in and then there were none
8069430563143089768,who sings you've got to live and learn
6529197664551084503,who started world war 2 and why did it start
-4814664795219916581,what is the combined total of state lawmakers for each legislative district in washington
337100710103812518,who is the leading run scorer of zimbabwe
6473115194547477200,when does this season of the walking dead end
-379702788873715914,how many nfl teams do not have cheerleaders
4934923987464571525,who won the best actor award at the oscars
-2739263808967867262,which of the following is not true of personal service corporations (pscs)
6219163735989601853,difference between chi squared and fisher's exact test
-1087011043218402144,when is the next public holiday in sa
-8311333342527144191,who acts as smeagol in lord of the rings
4271494312631868272,where is the national flag hoisted on 26 january
7200760712911300423,who is the president of the us senate today
7387528051218753185,who sang the song good golly miss molly
6100854324478365272,what is the time complexity for searching for a number in a sorted array
787581710529903476,bishnois of rajasthan are famous for protection of
1132204565808179053,whitney houston ft jordin sparks celebrate mp3 download
-1190536106934727850,when did they put air conditioning in cars
-2288049704455649526,how many seasons are there in man in the high castle
-6568862027680411016,where did the iberian peninsula get its name
7096847860678770799,who is who was the first living indian to feature on a postage stamp of india
-9174018985627941240,nasa’s list of 50 indoor plants that clean the air
39032392901600325,where do the kilchers from alaska the last frontier live
6430436700849043470,who dies in grey's anatomy season 6 finale
965755374794745316,who won the popular vote in florida 2016
8423449687084753512,list of battles of the revolutionary war in order
-8783644843739147449,how many episodes are there in a season of game of thrones
-315272424946855986,where is nagpur located in india political map
-2929318689259390790,star trek the next generation season 4 episode 9
-7187196565730820188,when was the last episode of the game
-2658704389661335722,how many basketball teams does img academy have
1321375871634292434,has a superbowl team ever played at their home stadium
7221438127752160596,who is sitting in the house of lords
2887739610183277515,who sings what part in drag me down
-9222689309979822142,how many episodes in minecraft story mode season 1
2913593746053006878,how many original songs does widespread panic have
-2455390313071874061,does hong kong passport need visa to uk
4607224869764426869,the carbon atom in dichlorocarbene possesses how many electrons
8982377861772039460,why did political support for the new deal decline
-6395355741805506976,who is left on once upon a time
-934776990331990460,uses of flag registers in testing various conditions
4908558935495061565,cast of the movie malibu's most wanted
4982893605875304564,the landmark album for the fusion style was
6474649282166120211,who plays the zombie king in game of thrones
3377745581746617876,when is seven deadly sins season 2 episode 25 coming out
-6274620348676733829,panic at the disco death of a bachelor official video
-9152074357436478921,what's the order of ages in the kardashian family
-7656790158761589371,who is markl in howl's moving castle
-6842840974214182552,what is the purpose of the british monarchy
-7030406337273779540,who was the first winner of the next food network star
-5429356851599955171,who works at the top of the empire state building
-3644283606928003225,where are all the infinity stones before infinity wars
3714701241712909045,what flag has a circle in the middle
-3050785580630307680,where is the blue mountains located in australia
-6306393138618077650,is charter one and citizens bank the same
-3585241484991562365,encaustic is a method of painting in which colored pigment is mixed with
6945024112274332214,who moved the resolution for the establishment of all india muslim league
-6230494345191476554,who decides which constituency is to be reserved
-973461389967365962,rate of acceleration due to gravity in feet
-6206454827959632802,what type of front has cold air moving into warm air
-1932517127558512823,when did the book of acts take place
8729890915156937834,gladys knight and the pips end of the road
-8015096484262088045,the animal that does not chew the cud is
3936619562117740212,where was battle of the five armies filmed
3208492406814258545,alabama there's no way i can make it without you
-6213368597397597831,when did we last have a king and queen
-331406737204548292,who does princess mia marry in the books
-4963324197744103043,the differentiation of cells during embryonic development depends on signals
2606838973499145787,what is the postal code of owerri imo state
-4191401623737070430,who does the welcome toast at a wedding
2695890215231407432,edgar allan poe the cask of amontillado short story
-8722087740738334016,time magazine list of person of the year
-3309346981930628813,what is the theme song for last of the mohicans
2716109154974208964,what city in south dakota does the time change
3183943565321563046,what became of the eastern roman empire after the collapse of the western roman empire
2300824287753917255,how many new york fashion weeks are there
-2847863742609264005,when is flash season 4 episode 6 coming out
5984176988746278357,where are trypsin and pepsin produced in the digestive system
3735525863356141434,what is the animal in never ending story
8500000703874345590,when did man u last win the premier league
-8068446975473022097,who plays dexter's son in season 6
-8093548978276137427,when did world cup expand to 32 teams
8725432921130952457,who played young megan in the thorn birds
6137905157711357861,what does an upside down triangle mean in mathematics
