prompt_id,text,source_benchmark,source_dataset
0,where's the chick-fil-a kickoff game being played,NQ,natural_questions
1,what is the incarceration rate in the united states,NQ,natural_questions
2,which amusement park holds the record for most rides,NQ,natural_questions
3,the founder and the first of the ten gurus of sikhism is,NQ,natural_questions
4,who was the first person to master the art of printing polyphonic music,NQ,natural_questions
5,where do the ilium the ischium and the pubis meet,NQ,natural_questions
6,when did party like it 1999 come out,NQ,natural_questions
7,who is the most followed person on inst,NQ,natural_questions
8,who does jennifer lawrence play in the hunger games,NQ,natural_questions
9,who did kirk cousins play for in 2017,NQ,natural_questions
10,how did beverly die in august osage county,NQ,natural_questions
11,fox sports on dish what channel is it,NQ,natural_questions
12,is a t rex a carnivore or herbivore,NQ,natural_questions
13,a group of objects orbiting between mars and jupiter,NQ,natural_questions
14,he led the work of the freedman's bureau,NQ,natural_questions
15,who scored most goals in the premier league,NQ,natural_questions
16,who plays leif on man with a plan,NQ,natural_questions
17,what album is we belong together by mariah carey on,NQ,natural_questions
18,when did the spanish conquest of the aztecs began,NQ,natural_questions
19,when did angel leave buffy the vampire slayer,NQ,natural_questions
20,who plays dave coaches in gavin and stacey,NQ,natural_questions
21,country that with england declared war on germany after the german invasion of poland,NQ,natural_questions
22,where does nike just do it come from,NQ,natural_questions
23,when did the movie love and basketball come out,NQ,natural_questions
24,who sings as steve smith in american dad,NQ,natural_questions
25,when was south korea and north korea divided,NQ,natural_questions
26,when does the black panthers movie come out,NQ,natural_questions
27,which member of the beatles studied the sitar in india,NQ,natural_questions
28,when does the first pokemon movie take place in the series,NQ,natural_questions
29,what war broke out after texas became the 28th state,NQ,natural_questions
30,who plays stifler's mom in american pie,NQ,natural_questions
31,who sings the song all my secrets away,NQ,natural_questions
32,what native american tribe lived at san juan capistrano,NQ,natural_questions
33,when was the american federation of labor founded,NQ,natural_questions
34,total runs scored by rohit sharma in ipl,NQ,natural_questions
35,what is the new tallest building in san francisco,NQ,natural_questions
36,star wars clone wars tv or movie first,NQ,natural_questions
37,where does the peace corps get its funding,NQ,natural_questions
38,who kissed the frog that turned into a prince,NQ,natural_questions
39,when does the new charmed air on cw,NQ,natural_questions
40,where is the cdc located in the us,NQ,natural_questions
41,when was the first modern postage stamp released,NQ,natural_questions
42,what was the major development of the neolithic age,NQ,natural_questions
43,who plays the killer in the lovely bones movie,NQ,natural_questions
44,who said one step forward two steps back,NQ,natural_questions
45,where does slate come from in the uk,NQ,natural_questions
46,who was the voice of homer simpson's brother,NQ,natural_questions
47,who sang the original song you are my sunshine,NQ,natural_questions
48,who plays the old hormone monster on big mouth,NQ,natural_questions
49,how many games are in the eastern conference finals,NQ,natural_questions
50,who got gold medal in olympics from india,NQ,natural_questions
51,as part of embryonic development the neural tube will become the,NQ,natural_questions
52,to go from luxor to the valley of the kings you cross which river,NQ,natural_questions
53,where was conquest of the planet of the apes filmed,NQ,natural_questions
54,who thought the sun was the center of the solar system,NQ,natural_questions
55,when does the book anne of green gables take place,NQ,natural_questions
56,who voices the bears in we bare bears,NQ,natural_questions
57,who won season 10 of america's got talent,NQ,natural_questions
58,when does the lion witch and the wardrobe take place,NQ,natural_questions
59,who became the fifth beatle on let it be playing keyboards on the lp,NQ,natural_questions
60,who made the 2018 pro football hall of fame,NQ,natural_questions
61,when did the currencies of the namibia first come in circulation,NQ,natural_questions
62,where does the protein in ensure come from,NQ,natural_questions
63,thicknet is the colloquial name for which ethernet standard,NQ,natural_questions
64,by which pseudonym rabindranath tagore first published his poems,NQ,natural_questions
65,where did matt saracen go in season 4,NQ,natural_questions
66,when does clark reveal his secret to chloe,NQ,natural_questions
67,when is terrace house opening new doors part 3,NQ,natural_questions
68,when was the first supreme court established in india,NQ,natural_questions
69,who played buffy and jody in family affair,NQ,natural_questions
70,who plays emily and katie's dad in skins,NQ,natural_questions
71,who sings that's the sound of the police,NQ,natural_questions
72,when was the last person executed in uk,NQ,natural_questions
73,what type of greek is the new testament written in,NQ,natural_questions
74,what does the term mind your p's and q's mean,NQ,natural_questions
75,when was diary of a wimpy kid published,NQ,natural_questions
76,who came up with the hammer and sickle,NQ,natural_questions
77,when does new season of hard knocks start,NQ,natural_questions
78,who is playing in the 2019 winter classic,NQ,natural_questions
79,who is the longest reigning wwe tag team champions,NQ,natural_questions
80,when did canada withdraw from the kyoto protocol,NQ,natural_questions
81,how many laps is the daytona 500 race,NQ,natural_questions
82,how does one convert poly-unsaturated fats into saturated fat,NQ,natural_questions
83,who played nellie in little house on the prairie,NQ,natural_questions
84,who was king of england when the mayflower sailed,NQ,natural_questions
85,what category was hurricane matthew when he hit florida,NQ,natural_questions
86,who played catwoman in the tv show batman,NQ,natural_questions
87,who wrote the night has a thousand eyes,NQ,natural_questions
88,what is the current population of phoenix arizona,NQ,natural_questions
89,who plays ethan in my babysitter's a vampire,NQ,natural_questions
90,who is the speaker of the house or representatives,NQ,natural_questions
91,where did they shoot lost in space netflix,NQ,natural_questions
92,what were the original color of m&m's,NQ,natural_questions
93,highest points scored in nba in one game,NQ,natural_questions
94,when did i sorry miss jackson come out,NQ,natural_questions
95,who is responsible for acquiring organizing and distributing information for the organization,NQ,natural_questions
96,who proposed the virginia plan and new jersey plan what branch of government did they create,NQ,natural_questions
97,what is the zip code for ronkonkoma ny,NQ,natural_questions
98,the si unit for amount of substance is,NQ,natural_questions
99,who wrote curious incident of the dog in the nighttime,NQ,natural_questions
100,who wrote the book 'silent spring ' inspiring a new environmental movement,NQ,natural_questions
101,when was the last hurricane to hit bermuda,NQ,natural_questions
102,what is the elf on the shelf toy,NQ,natural_questions
103,who is rapping in clint eastwood by gorillaz,NQ,natural_questions
104,who is the female vocalist on feel it still,NQ,natural_questions
105,where is one flew over the cuckoo's nest set,NQ,natural_questions
106,where is world cup 2026 going to be played,NQ,natural_questions
107,when did the wheel of time series start,NQ,natural_questions
108,what is the most common crime committed in australia,NQ,natural_questions
109,when was the first atm installed in uk,NQ,natural_questions
110,how many stories in the world trade center,NQ,natural_questions
111,when did the us military began hiring civilian employees,NQ,natural_questions
112,who is the longest running actor in emmerdale,NQ,natural_questions
113,the day sweden changed from left to right,NQ,natural_questions
114,who sends the letters in ps i love you,NQ,natural_questions
115,how many pages is memoirs of a geisha book,NQ,natural_questions
116,where is the ritz hotel in paris located,NQ,natural_questions
117,who said i do not choose to run,NQ,natural_questions
118,who won great british bake off series 6,NQ,natural_questions
119,who plays nick on fear of the walking dead,NQ,natural_questions
120,5 countries of the united states security council,NQ,natural_questions
121,how many times is the angel of the lord mentioned in the old testament,NQ,natural_questions
122,where does the theory of everything take place,NQ,natural_questions
123,the first scientist to question the geocentric model was,NQ,natural_questions
124,how many pages is the right stuff by tom wolfe,NQ,natural_questions
125,indian air force day is celebrated on which date,NQ,natural_questions
126,who was the first spanish governor general of the philippines,NQ,natural_questions
127,rick and morty season 3 episode 10 date,NQ,natural_questions
128,when was the first robot used in surgery,NQ,natural_questions
129,who plays chad on sonny with a chance,NQ,natural_questions
130,based on the large number of hiv replicates produced it is common to find,NQ,natural_questions
131,how many members will be there in lok sabha,NQ,natural_questions
132,who is the saint that protects police officers,NQ,natural_questions
133,who sang the song stand by your man,NQ,natural_questions
134,who was the president of the continental congress when the declaration of independence was adopted,NQ,natural_questions
135,when was the sony walkman sold in stores,NQ,natural_questions
136,who is the original singer of sitting on the dock of the bay,NQ,natural_questions
137,who was the monk that was sent to england to convert the anglo-saxons to christianity,NQ,natural_questions
138,who did siobhan finneran play in coronation street,NQ,natural_questions
139,which is the most common cause of acute encephalitis in the united states,NQ,natural_questions
140,how deep is the water at the strait of gibraltar,NQ,natural_questions
141,who is given credit for disproving spontaneous generation,NQ,natural_questions
142,who had the idea of the statue of liberty,NQ,natural_questions
143,where does bile go after leaving the gallbladder,NQ,natural_questions
144,buddhism was founded around 500 bce as a result of,NQ,natural_questions
145,when did the use of paper start in india,NQ,natural_questions
146,who sang if i had a million dollars first,NQ,natural_questions
147,who is the actress of thugs of hindustan,NQ,natural_questions
148,who is eliminated from saregamapa lil champs 2017,NQ,natural_questions
149,what is the closest military base to new york city,NQ,natural_questions
150,what is the main concern of the job characteristics model,NQ,natural_questions
151,who are the voices on the phone walking dead,NQ,natural_questions
152,how many oscars did the movie gandhi won,NQ,natural_questions
153,who are listed as the founders of facebook,NQ,natural_questions
154,when was the u.s. capitol moved to washington d.c,NQ,natural_questions
155,who is won the most majors in golf,NQ,natural_questions
156,who was leading indian army during bangladesh liberation war,NQ,natural_questions
157,who is on the $10 note australia,NQ,natural_questions
158,who won the battle of the wilderness in the civil war,NQ,natural_questions
159,who played the beast in the 2017 beauty and the beast,NQ,natural_questions
160,who sung the theme song in the movie high noon,NQ,natural_questions
161,who plays michael scofield's mother in prison break,NQ,natural_questions
162,who plays the big monkey in the jungle book,NQ,natural_questions
163,who taught notre dame how to play football,NQ,natural_questions
164,what was the name of the toy spaceman in the toy story movie,NQ,natural_questions
165,who voices the transformers in age of extinction,NQ,natural_questions
166,who was the first president of the republic of south africa,NQ,natural_questions
167,who is ras al ghul in batman begins,NQ,natural_questions
168,who played raoul in the phantom of the opera,NQ,natural_questions
169,where was the movie the shape of water made,NQ,natural_questions
170,most points by michael jordan in a game,NQ,natural_questions
171,when did the united states congress pass the lend-lease act,NQ,natural_questions
172,who won the australian of the year in 1998,NQ,natural_questions
173,when did ontario get rid of grade 13,NQ,natural_questions
174,who were the original pro dancers on dancing with the stars,NQ,natural_questions
175,percy jackson and the olympians books in order,NQ,natural_questions
176,when did star wars the clone wars come out,NQ,natural_questions
177,who hosts let's make a deal now,NQ,natural_questions
178,who played congas on sympathy for the devil,NQ,natural_questions
179,who ran against eisenhower in the 1952 election,NQ,natural_questions
180,what do they shoot in the winter olympics,NQ,natural_questions
181,how many episodes in season 2 of ertugrul,NQ,natural_questions
182,when was peacock adopted as national bird of india,NQ,natural_questions
183,where do most immigrants to the u.s. come from (which country ),NQ,natural_questions
184,what is another name for the prime meridian,NQ,natural_questions
185,who wrote the song baby by justin bieber,NQ,natural_questions
186,where did the coneheads say they were from,NQ,natural_questions
187,what were the two sides of the revolutionary war called,NQ,natural_questions
188,who wrote love the one you're with,NQ,natural_questions
189,who plays carl on girlfriends guide to divorce,NQ,natural_questions
190,who has right of way in round about,NQ,natural_questions
191,what type of college is san diego state university,NQ,natural_questions
192,when was star wars renamed a new hope,NQ,natural_questions
193,who has the highest goals in the history of football,NQ,natural_questions
194,who plays the little boy in mr bean holiday,NQ,natural_questions
195,who founded the royal academy of painting and sculpture in france,NQ,natural_questions
196,who does hugh jackman play in night at the museum 3,NQ,natural_questions
197,american singer who sang i left my heart in san francisco,NQ,natural_questions
198,when does the next face off season start,NQ,natural_questions
199,who led the brewers in home runs in 1982,NQ,natural_questions
200,who wins the australian open men's single title in 2018,NQ,natural_questions
201,life expectancy in india at the time of independence,NQ,natural_questions
202,who is broadcasting the college football national champions,NQ,natural_questions
203,when will season 2 of skylanders academy come out on netflix,NQ,natural_questions
204,when did the new pound coin come out,NQ,natural_questions
205,when did the march for our lives happen,NQ,natural_questions
206,what disney movie has the song a whole new world,NQ,natural_questions
207,in relation to contraction of muscle passive force is defined as,NQ,natural_questions
208,when were assault rifles banned in the us,NQ,natural_questions
209,where is the 304 telephone area code located,NQ,natural_questions
210,who wrote i wandered lonely as a cloud,NQ,natural_questions
211,who plays elizabeth on pirates of the caribbean,NQ,natural_questions
212,what does pt in pt cruiser stand for,NQ,natural_questions
213,a giant super continent from which all other modern continents formed is called,NQ,natural_questions
214,who does captain america fight on the ship,NQ,natural_questions
215,when's the last time the vikings were in the playoffs,NQ,natural_questions
216,who is associated with the term loknayak in india,NQ,natural_questions
217,who walked across the water in the bible,NQ,natural_questions
218,who played john wayne's daughter in mcclintock,NQ,natural_questions
219,who played jessie on saved by the bell,NQ,natural_questions
220,who is the oldest quarterback playing in the nfl today,NQ,natural_questions
221,who plays dr glassman on the good doctor,NQ,natural_questions
222,how much episode in game of throne season 7,NQ,natural_questions
223,when does the commonwealth games start on the gold coast,NQ,natural_questions
224,where is the 2017 baseball all-star game being played,NQ,natural_questions
225,who has the most assist in the nba,NQ,natural_questions
226,where does the term stiff upper lip come from,NQ,natural_questions
227,who won the battle of siege of charles town,NQ,natural_questions
228,who is the actress who plays sansa stark,NQ,natural_questions
229,king of the hill season 10 episode 1,NQ,natural_questions
230,who wrote the theme song for the office,NQ,natural_questions
231,who has the second largest military in the world,NQ,natural_questions
232,where does a hybrid vehicle store its energy,NQ,natural_questions
233,who scored the first goal in dallas stars history,NQ,natural_questions
234,what's the plants name on little shop of horrors,NQ,natural_questions
235,this is us season 1 has how many episodes,NQ,natural_questions
236,who made it to the super bowl 2017,NQ,natural_questions
237,how many episodes in school of rock season 2,NQ,natural_questions
238,what came first the roman empire or republic,NQ,natural_questions
239,when did albert einstein publish his first paper,NQ,natural_questions
240,what happens to danielle's baby on desperate housewives,NQ,natural_questions
241,a volcanic mountain that found at the ocean floor is called a,NQ,natural_questions
242,what was the budget for band of brothers,NQ,natural_questions
243,who sings with nickelback in she keeps me up,NQ,natural_questions
244,how many seasons of adventure time are there on dvd,NQ,natural_questions
245,who played ashley in the secret life of the american teenager,NQ,natural_questions
246,what is the legal drinking age in luxembourg,NQ,natural_questions
247,who won the golden glove award in the world cup,NQ,natural_questions
248,episode of new girl where they play true american,NQ,natural_questions
249,who played the main character in fiddler on the roof,NQ,natural_questions
250,who played jimmy john in room for one more,NQ,natural_questions
251,where does the rhyme ring a ring of roses come from,NQ,natural_questions
252,who played clara edwards on andy griffith show,NQ,natural_questions
253,who has won the highest number of grand slams,NQ,natural_questions
254,who is the largest spider in the world,NQ,natural_questions
255,when did the printing press come to england,NQ,natural_questions
256,who is the lead singer of red sun rising,NQ,natural_questions
257,how many teams are there in the afl,NQ,natural_questions
258,when was the last time mexico won the little league world series,NQ,natural_questions
259,ncaa basketball national player of the year 2018,NQ,natural_questions
260,how far is it around the coast of britain,NQ,natural_questions
261,who represents the us in the supreme court,NQ,natural_questions
262,who won the ncaa mens volleyball championship 2018,NQ,natural_questions
263,which mlb player has the most mvp awards,NQ,natural_questions
264,what is the minimum salary for an afl player,NQ,natural_questions
265,who plays winter on american horror story called,NQ,natural_questions
266,what systems is monster hunter world coming out on,NQ,natural_questions
267,how many books are in stephen king's dark tower,NQ,natural_questions
268,when did the apple ipad 5th generation come out,NQ,natural_questions
269,who got promoted to the premier league this year,NQ,natural_questions
270,when was the last time the united states had a surplus,NQ,natural_questions
271,where does tom hanks live in sleepless in seattle,NQ,natural_questions
272,who is the voice for beef what's for dinner,NQ,natural_questions
273,what is the second largest island in the caribbean,NQ,natural_questions
274,when was the last time oklahoma voted for a democratic president,NQ,natural_questions
275,why is the indian ocean the warmest ocean in the world,NQ,natural_questions
276,when did the us join world war one,NQ,natural_questions
277,who is the main character on paw patrol,NQ,natural_questions
278,how many episodes are there in originals season 4,NQ,natural_questions
279,sheriff's name in smokey and the bandit,NQ,natural_questions
280,which is the biggest stadium in the india,NQ,natural_questions
281,how many episodes were in season 1 of the handmaid's tale,NQ,natural_questions
282,who does the voice of bagheera in jungle book,NQ,natural_questions
283,where does the word three come before two and seven come before six,NQ,natural_questions
284,who replaces the president in order of succession,NQ,natural_questions
285,during which type of stretching does viscoelastic creep occur,NQ,natural_questions
286,what is the most populated region in ghana,NQ,natural_questions
287,number of states in the confederacy during the civil war,NQ,natural_questions
288,how does a supernova produce elements heavier than iron,NQ,natural_questions
289,where did the term serial killer come from,NQ,natural_questions
290,about how much of earth water is freshwater,NQ,natural_questions
291,who had no heart in wizard of oz,NQ,natural_questions
292,how long did it take for felix to fall from space,NQ,natural_questions
293,what area of italy did the renaissance began,NQ,natural_questions
294,who plays red in once upon a time,NQ,natural_questions
295,where is wait wait don't tell me recorded,NQ,natural_questions
296,who gets fired on grey's anatomy season 6,NQ,natural_questions
297,where was the movie yours mine and ours filmed,NQ,natural_questions
298,what is the meaning of navratri in english,NQ,natural_questions
299,what is the tallest bridge in west virginia,NQ,natural_questions
300,when have england reached the world cup semi finals,NQ,natural_questions
301,who played penny in lost in space 2018,NQ,natural_questions
302,who plays josie on nicky ricky dicky and dawn,NQ,natural_questions
303,where were the olympics held in the us,NQ,natural_questions
304,who was the french and indian war fought between,NQ,natural_questions
305,what level is purple belt in jiu jitsu,NQ,natural_questions
306,how many sessions of big bang theory are there,NQ,natural_questions
307,who has won the most cfl grey cups,NQ,natural_questions
308,when did the first harry potter come out,NQ,natural_questions
309,who were the french allies in the french and indian war,NQ,natural_questions
310,what are hollywood walk of fame stars made of,NQ,natural_questions
311,who wrote back at one by brian mcknight,NQ,natural_questions
312,who won the primary for governor of illinois,NQ,natural_questions
313,when did the first bank started in the world and name of the bank,NQ,natural_questions
314,who sang can we talk for a minute,NQ,natural_questions
315,where does the last name rodriguez come from,NQ,natural_questions
316,who sings in the middle of the road,NQ,natural_questions
317,what was the name of clarks african american helper,NQ,natural_questions
318,when did they start overtime in college football,NQ,natural_questions
319,who wrote a song for you leon russell or donny hathaway,NQ,natural_questions
320,who acts as the gatekeeper in a health maintenance organization (hmo),NQ,natural_questions
321,how many nfl teams do not have cheerleaders,NQ,natural_questions
322,who composed the music for twinkle twinkle little star,NQ,natural_questions
323,who plays the son in a quiet place,NQ,natural_questions
324,who won the 2017 australian open womens single title,NQ,natural_questions
325,unit of measure for area of a triangle,NQ,natural_questions
326,who sings i'm not as good as i once was,NQ,natural_questions
327,where was the civil war fought in virginia,NQ,natural_questions
328,when was the book to kill a mockingbird published,NQ,natural_questions
329,where was amanda and jack go glamping filmed,NQ,natural_questions
330,who was the first woman judge appointed to supreme court,NQ,natural_questions
331,when was the corpus christi harbor bridge built,NQ,natural_questions
332,who is the kid who plays brick in the middle,NQ,natural_questions
333,in which kingdom is the story of bahubali series of films mainly set,NQ,natural_questions
334,where is the mark twain national forest located,NQ,natural_questions
335,who hit 4 homeruns in one game last week,NQ,natural_questions
336,who sang the original song king of the road,NQ,natural_questions
337,what episode is the top gear africa special,NQ,natural_questions
338,a division of the army commanded by a colonel,NQ,natural_questions
339,where is st john's county in florida,NQ,natural_questions
340,which player has made highest number of runs in history of ipl,NQ,natural_questions
341,where is most water in the body found,NQ,natural_questions
342,who plays devoe's wife in the flash,NQ,natural_questions
343,who played guitar in while my guitar gently weeps,NQ,natural_questions
344,who sings there's always something there to remind me,NQ,natural_questions
345,who plays dr blake in dr blake mysteries,NQ,natural_questions
346,who played adam sandler's daughter in click,NQ,natural_questions
347,when did mcdonald's start serving filet o fish,NQ,natural_questions
348,when do the knockout stages of the champions league start,NQ,natural_questions
349,where does the tour de france take place,NQ,natural_questions
350,when did friends by justin beiber come out,NQ,natural_questions
351,what season is when calls the heart on,NQ,natural_questions
352,who plays the hero boy in polar express,NQ,natural_questions
353,when was the death penalty first used in the united states,NQ,natural_questions
354,who did the cubs play in the world series 2016,NQ,natural_questions
355,how many inmates are on death row in kansas,NQ,natural_questions
356,who did the cubs play in the nlcs last year,NQ,natural_questions
357,who played the boy in goodnight mr tom,NQ,natural_questions
358,where did the idea of the bill of rights come from,NQ,natural_questions
359,when did the platters record smoke gets in your eyes,NQ,natural_questions
360,who sings the lion sleeps tonight original version,NQ,natural_questions
361,when was the draft last used in the us,NQ,natural_questions
362,when did the dow jones industrial average start,NQ,natural_questions
363,when did prince edward island become a province,NQ,natural_questions
364,when does wwe 2k18 come out on ps4,NQ,natural_questions
365,michael ondaatje writing style in running in the family,NQ,natural_questions
366,who is appointed as the railway minster of india recently,NQ,natural_questions
367,who played in the original yours mine and ours,NQ,natural_questions
368,an inlet on the atlantic in southwest scotland,NQ,natural_questions
369,what is the current world record for shot put,NQ,natural_questions
370,who plays the voice of venom in the movie,NQ,natural_questions
371,when does the tv show the expanse start,NQ,natural_questions
372,when was the last time we had a triple crown winner in horse racing,NQ,natural_questions
373,who gave us the 8 hour work day,NQ,natural_questions
374,who played the warden in cool hand luke,NQ,natural_questions
375,how long can someone be chancellor of germany,NQ,natural_questions
376,what region is virginia in the united states,NQ,natural_questions
377,who does finn wolf hard play in stranger things,NQ,natural_questions
378,who has the most wins on the pga tour,NQ,natural_questions
379,what policy is generally considered important based on the logic of democratic-peace theory,NQ,natural_questions
380,1. what was the first year that london hosted the olympics,NQ,natural_questions
381,when was gatorade first sold to the public,NQ,natural_questions
382,which major league baseball team did nintendo become majority owner of in 1992,NQ,natural_questions
383,who is the father of starlord guardians of the galaxy,NQ,natural_questions
384,who made brothers a tale of two sons,NQ,natural_questions
385,what is the main language in the bahamas,NQ,natural_questions
386,when was the last time tottenham hotspur won a cup,NQ,natural_questions
387,how many la salle schools in the world,NQ,natural_questions
388,who played princess leia in the first star wars,NQ,natural_questions
389,name of all four houses in harry potter,NQ,natural_questions
390,when do trains have to blow their horns,NQ,natural_questions
391,when did the lion king first come out,NQ,natural_questions
392,when did dear evan hansen go on broadway,NQ,natural_questions
393,who does adonis creed fight in the end,NQ,natural_questions
394,what is the fastest time at the belmont stakes,NQ,natural_questions
395,what character does seth green play on family guy,NQ,natural_questions
396,what channel is the new yellowstone series going to be on,NQ,natural_questions
397,when was don't ask don't tell established,NQ,natural_questions
398,when does jagged edge new cd come out,NQ,natural_questions
399,in which year zimbabwe attained independence from the white minority,NQ,natural_questions
400,who sings don't it make my brown eyes blue,NQ,natural_questions
401,when did the movie knock knock come out,NQ,natural_questions
402,which group ended the period of kievan rus dominance,NQ,natural_questions
403,who sang the theme song for sunday night football,NQ,natural_questions
404,who won premier league goal of the season,NQ,natural_questions
405,who is playing kyle on the young and the restless,NQ,natural_questions
406,when does lucas find out dan killed keith,NQ,natural_questions
407,the side chain for valine is classified as a,NQ,natural_questions
408,who said gratitude is the memory of the heart,NQ,natural_questions
409,who is ted talking about in how i met your mother,NQ,natural_questions
410,when did they come out with color photos,NQ,natural_questions
411,where is the scripture honor thy father and mother,NQ,natural_questions
412,who was thrown in the lion's den,NQ,natural_questions
413,who has the final word on all us laws,NQ,natural_questions
414,whos the main character in the great gatsby,NQ,natural_questions
415,what is the tiger in life of pi,NQ,natural_questions
416,who is the author of what child is this,NQ,natural_questions
417,who gets first pick in the 2018 nfl draft,NQ,natural_questions
418,where is the 2024 olympics gonna be held,NQ,natural_questions
419,who sings i want to swing from a chandelier,NQ,natural_questions
420,who has the highest score in odi cricket,NQ,natural_questions
421,how many episodes are in true blood season 1,NQ,natural_questions
422,who was batman when bane broke his back,NQ,natural_questions
423,where is cardiac muscle tissue located in the body,NQ,natural_questions
424,who plays joanne on the ranch season 2,NQ,natural_questions
425,who did usc lose to this year in football,NQ,natural_questions
426,when did clemson win the national football championship,NQ,natural_questions
427,when did the movie soul food come out,NQ,natural_questions
428,which state recently released the controversial draft of national register of citizens (nrc),NQ,natural_questions
429,who played hilary on the fresh prince of bel-air,NQ,natural_questions
430,who played all 9 positions in one game,NQ,natural_questions
431,where did the expression let them eat cake come from,NQ,natural_questions
432,who took shelter under the safavid empire and why,NQ,natural_questions
433,what type of volcano is mt. pinatubo,NQ,natural_questions
434,who wrote don't mess with my toot toot,NQ,natural_questions
435,king kong’s movements in the 1933 film were created using a manual technique called ____,NQ,natural_questions
436,when was the emancipation proclamation signed into law,NQ,natural_questions
437,where does it talk about the census in the constitution,NQ,natural_questions
438,every morning in africa a gazelle wakes up author,NQ,natural_questions
439,when was billy joel's last album released,NQ,natural_questions
440,who is in i don't know how but they found me,NQ,natural_questions
441,name the range of mountains found on the uae's border with oman,NQ,natural_questions
442,who won the boat race last year oxford or cambridge,NQ,natural_questions
443,who developed the sixteen personality factor questionnaire (16 pf) ​,NQ,natural_questions
444,who was the actor who played mike franks on ncis,NQ,natural_questions
445,who plays cogsworth in beauty and the beast 2017,NQ,natural_questions
446,where was snow white and the hunts man filmed,NQ,natural_questions
447,when does april 1 fall on easter again,NQ,natural_questions
448,who plays the cop in once upon a time,NQ,natural_questions
449,when does new episode of game of thrones come out,NQ,natural_questions
450,who sings the song give a little bit,NQ,natural_questions
451,which congressional act was passed to end the abuses of the spoils system,NQ,natural_questions
452,who is the current chief of indian air force,NQ,natural_questions
453,who does creed fight at the end of the movie,NQ,natural_questions
454,when was the last time mexico made it to quarterfinals,NQ,natural_questions
455,what is the name of hagrid's spider,NQ,natural_questions
456,who is the winner of raising star 2,NQ,natural_questions
457,who is left in season 10 of rupaul's drag race,NQ,natural_questions
458,who has the highest batting average of all time in mlb,NQ,natural_questions
459,sutlej yamuna link canal dispute in india is between,NQ,natural_questions
460,who created the post of collecter in india,NQ,natural_questions
461,who was on zeus' side in the titanomachy,NQ,natural_questions
462,running wild with bear grylls zac efron location,NQ,natural_questions
463,total amount of games in world cup 2018,NQ,natural_questions
464,who built the eiffel tower in paris france,NQ,natural_questions
465,who was the girl that played punky brewster,NQ,natural_questions
466,who won best british male solo artist at this year's brit awards,NQ,natural_questions
467,captain von trapp in the sound of music,NQ,natural_questions
468,who sang groovy kind of love in the 60s,NQ,natural_questions
469,who plays tina in the princess and the frog,NQ,natural_questions
470,who won nashville star when miranda lambert was on,NQ,natural_questions
471,who sang the song the look of love,NQ,natural_questions
472,when is the sequal to avengers infinity war coming out,NQ,natural_questions
473,when was the first land before time movie made,NQ,natural_questions
474,who is the president of the senate of the united states,NQ,natural_questions
475,who is the successor to the british throne,NQ,natural_questions
476,who was the actress who played pinky tuscadero on happy days,NQ,natural_questions
477,why were 11 miles of the cuckoo trail sold in 1986,NQ,natural_questions
478,who wrote the night they drove old dixie down lyrics,NQ,natural_questions
479,who wrote the gospel song he touched me,NQ,natural_questions
480,number of us troops in south korea 2017,NQ,natural_questions
481,how many series are there of boardwalk empire,NQ,natural_questions
482,who gave concept of micro and macro economics,NQ,natural_questions
483,how many points did michael jordan average with the washington wizards,NQ,natural_questions
484,when was the poem beowulf first written down,NQ,natural_questions
485,who was the voice of rapunzel in tangled,NQ,natural_questions
486,who wrote the words to the song amazing grace,NQ,natural_questions
487,who has the greatest biomass in a food chain,NQ,natural_questions
488,which florida city is called the magic city,NQ,natural_questions
489,when does basketball wives la season 6 come on,NQ,natural_questions
490,who did america fight during world war 1,NQ,natural_questions
491,what was the final score of last year's super bowl,NQ,natural_questions
492,who has won more oscars then anyone else,NQ,natural_questions
493,who invented the first full scale working railway steam locomotive,NQ,natural_questions
494,who wrote on the loose to climb a mountain,NQ,natural_questions
495,in which state of india is dogri spoken,NQ,natural_questions
496,how many times has itay won the world cup,NQ,natural_questions
497,who wrote the music for zorba the greek,NQ,natural_questions
498,who sang the original i love rock and roll,NQ,natural_questions
499,who is the mom in last man standing,NQ,natural_questions
500,when was the first tank used in battle,NQ,natural_questions
501,what is the name of the family dog in the science fiction series the jetsons,NQ,natural_questions
502,how many episodes of on my block are there,NQ,natural_questions
503,where are fats broken down in the digestive system,NQ,natural_questions
504,when did identity theft become a federal crime,NQ,natural_questions
505,when does the usa men's soccer team play,NQ,natural_questions
506,when do japanese students take college entrance exams,NQ,natural_questions
507,what type of eruption does cinder cone volcanoes have,NQ,natural_questions
508,who did alabama lose to in the 2017 season,NQ,natural_questions
509,a chemical reaction in a plant that converts solar to chemical energy,NQ,natural_questions
510,how many stores does king of prussia have,NQ,natural_questions
511,what did the lady in red give birth to,NQ,natural_questions
512,what was the first ride at knotts berry farm,NQ,natural_questions
513,according to locke how many types of natural rights,NQ,natural_questions
514,when did china remove the one child policy,NQ,natural_questions
515,in which city is lord's cricket ground located,NQ,natural_questions
516,where did shooting take place in las vegas,NQ,natural_questions
517,relative frequency for the letter e in the english language,NQ,natural_questions
518,how many episodes of bob's burgers are there,NQ,natural_questions
519,who is newly appointed dg ispr of pakistan army,NQ,natural_questions
520,what is the tip of south america called,NQ,natural_questions
521,who was responsible for pulling the last federal troops out of the south,NQ,natural_questions
522,when does ex on the beach start 2017,NQ,natural_questions
523,when was france invaded by germany in ww2,NQ,natural_questions
524,who is the voice for the outback commercials,NQ,natural_questions
525,when did the shooting happen in greys anatomy,NQ,natural_questions
526,when did japan send cherry trees to washington dc,NQ,natural_questions
527,started the knickerbocker base ball club true inventor of baseball,NQ,natural_questions
528,who is 14th presidential head of state in nigeria,NQ,natural_questions
529,does a compass point to true north or magnetic north,NQ,natural_questions
530,how much did titanic make at the box office,NQ,natural_questions
531,when do you get a new ball in test cricket,NQ,natural_questions
532,who did okc play in the nba finals,NQ,natural_questions
533,where is alaska the last frontier tv show filmed,NQ,natural_questions
534,what instrument does anna play in freaky friday,NQ,natural_questions
535,how many episodes of the secret circle are there,NQ,natural_questions
536,hagia sophia is an example of which style of architecture,NQ,natural_questions
537,who did jesse palmer propose to on the bachelor,NQ,natural_questions
538,the written plan of government for the united states is called the,NQ,natural_questions
539,where is what we do in the shadows set,NQ,natural_questions
540,the letter to philemon deals with the question of,NQ,natural_questions
541,who was supposed to play indiana jones before harrison ford,NQ,natural_questions
542,when did french become official language of canada,NQ,natural_questions
543,who has made highest runs in one day cricket,NQ,natural_questions
544,how much cash is in circulation in canada,NQ,natural_questions
545,who's won more boat races oxford or cambridge,NQ,natural_questions
546,who has scored the most points in wnba history,NQ,natural_questions
547,who wrote the theme song to the titanic,NQ,natural_questions
548,who are the fairy godmothers in sleeping beauty,NQ,natural_questions
549,who sang don't be tardy for the party,NQ,natural_questions
550,who wrote we shall fight on the beaches,NQ,natural_questions
551,total number of elected members in lok sabha,NQ,natural_questions
552,who wrote natasha pierre and the great comet of 1812,NQ,natural_questions
553,what type of estuary is the columbia river,NQ,natural_questions
554,who sings lady in red is dancing with me,NQ,natural_questions
555,who died in real life from sons of anarchy,NQ,natural_questions
556,who won the kentucky derby first second and third place,NQ,natural_questions
557,when were the extra books of the catholic bible added,NQ,natural_questions
558,who plays bonnie lockhart on days of our lives,NQ,natural_questions
559,who is the author of so god made a farmer,NQ,natural_questions
560,how many subs can you make in rugby union,NQ,natural_questions
561,what is the symbol for the dow jones industrial average,NQ,natural_questions
562,who played the title role in 1971's willy wonka & the chocolate factory,NQ,natural_questions
563,what is wilson in the tom hanks movie castaway,NQ,natural_questions
564,how many times has puerto rico votes to become a state,NQ,natural_questions
565,who is the shortest player in the nba 2016,NQ,natural_questions
566,when were the branches of the military founded,NQ,natural_questions
567,who wrote in the presence of the lord,NQ,natural_questions
568,when was the last time saturn made a car,NQ,natural_questions
569,who took part in the battle of waterloo,NQ,natural_questions
570,who has more power in italy the president or the prime minister,NQ,natural_questions
571,who wrote the music and lyrics for hello dolly,NQ,natural_questions
572,what is the name of the president of austria,NQ,natural_questions
573,what gas in the stratosphere causes temperatures to increase with altitude,NQ,natural_questions
574,who has the most career triple-doubles in the nba,NQ,natural_questions
575,who says that which we call a rose by any other name would smell as sweet,NQ,natural_questions
576,what is the language in the dominican republic,NQ,natural_questions
577,who is the major deegan expressway named after,NQ,natural_questions
578,when is rwby volume 5 chapter 11 coming out,NQ,natural_questions
579,east india company started trade with india from which city in 1608,NQ,natural_questions
580,when's the last time somebody won the triple crown,NQ,natural_questions
581,when did the earth and solar system form,NQ,natural_questions
582,who played mr. edwards on little house on the prairie,NQ,natural_questions
583,who produced as long as you love me,NQ,natural_questions
584,who is the number 1 most listened to on spotify,NQ,natural_questions
585,how many states does amazon collect sales tax,NQ,natural_questions
586,who played ashley banks on fresh prince of bel-air,NQ,natural_questions
587,what is the county for colorado springs co,NQ,natural_questions
588,what is the largest city in canada by area,NQ,natural_questions
589,how many episodes in season 1 designated survivor,NQ,natural_questions
590,a result of bismarck's austro prussian war was,NQ,natural_questions
591,when did phantom of the opera take place,NQ,natural_questions
592,how many of each card in uno attack,NQ,natural_questions
593,who has won the champions league 3 times in a row,NQ,natural_questions
594,what kind of court system does canada have,NQ,natural_questions
595,when is opening day for the nba 2017,NQ,natural_questions
596,who was the murderer in and then there were none movie,NQ,natural_questions
597,when did wearing a seatbelt become a law in texas,NQ,natural_questions
598,when was the let's move campaign launched,NQ,natural_questions
599,who played dre in all eyez on me,NQ,natural_questions
600,when was the first wind farm built in australia,NQ,natural_questions
601,what season is pepper in american horror story,NQ,natural_questions
602,where does the book all the bright places take place,NQ,natural_questions
603,who won the college football national championship in 2004,NQ,natural_questions
604,what rank is an e5 in the air force,NQ,natural_questions
605,why do they tape your eyes in surgery,NQ,natural_questions
606,why is climate different in different parts of india,NQ,natural_questions
607,who sings this is going to be the best day of my life,NQ,natural_questions
608,how many episodes in praky blinders season 4,NQ,natural_questions
609,where do the stones for curling come from,NQ,natural_questions
610,when do the new tax laws become effective,NQ,natural_questions
611,who wrote how to be a latin lover,NQ,natural_questions
612,what is the theme park chain six flags named after,NQ,natural_questions
613,minister for housing planning and local government ireland,NQ,natural_questions
614,how many house of representatives are there in kansas,NQ,natural_questions
615,person with most number of followers in instagram,NQ,natural_questions
616,who won the most road march in trinidad,NQ,natural_questions
617,who becomes new chief in grey's anatomy,NQ,natural_questions
618,who was the first european to reach china,NQ,natural_questions
619,when do schmidt and cece first hook up,NQ,natural_questions
620,most goals scored in a hockey game olympics,NQ,natural_questions
621,who played in the nutty professor with jerry lewis,NQ,natural_questions
622,top 5 leadership positions in the house of representatives,NQ,natural_questions
623,state the longitudinal value in degrees of indian standard time,NQ,natural_questions
624,when was the last time the chicago white sox won the world series,NQ,natural_questions
625,when did they start adding ethanol to gasoline,NQ,natural_questions
626,who sings the song i've got the music in me,NQ,natural_questions
627,when was the capital of nigeria moved to abuja,NQ,natural_questions
628,who's the owner of the houston rockets,NQ,natural_questions
629,when did the cold war alignment of britain and the united states versus the soviet union begin,NQ,natural_questions
630,who dies in season 7 of army wives,NQ,natural_questions
631,who holds the homerun record in a season,NQ,natural_questions
632,what kind of epithelium lines the urinary bladder,NQ,natural_questions
633,what is the age of a minor in uk,NQ,natural_questions
634,who controlled panama before the us stepped in,NQ,natural_questions
635,who are the leading wicket takers in test cricket,NQ,natural_questions
636,who had the first interracial kiss on tv,NQ,natural_questions
637,who played michael j fox girlfriend in back to the future,NQ,natural_questions
638,who plays the voice of judy in zootopia,NQ,natural_questions
639,who is the newly elected chief justice of pakistan,NQ,natural_questions
640,when did the rams move to saint louis,NQ,natural_questions
641,who wrote give me a ticket for an airplane,NQ,natural_questions
642,who sings the song the devil went down to georgia,NQ,natural_questions
643,who has the highest batting average in baseball,NQ,natural_questions
644,what is the name of thor s hammer,NQ,natural_questions
645,when did jackie robinson became rookie of the year,NQ,natural_questions
646,what state is gone with the wind set in,NQ,natural_questions
647,which indian sportsperson wife has represent india in basketball,NQ,natural_questions
648,who is the actress who does the trivago commercials,NQ,natural_questions
649,when did king kong open at universal studios,NQ,natural_questions
650,who sang the original version of moon river,NQ,natural_questions
651,what years did the harry potter books take place,NQ,natural_questions
652,who is telling the story in freak the mighty,NQ,natural_questions
653,who recognized the appeal of herodotean story-telling of historical events,NQ,natural_questions
654,who won the battle of britain in world war 2,NQ,natural_questions
655,who sang when i fall in love with celine dion,NQ,natural_questions
656,who does the voice of the gecko on geico,NQ,natural_questions
657,east west and north south corridor cross each other at,NQ,natural_questions
658,in which province do the majority of the tsonga culture stay,NQ,natural_questions
659,what do fat cells do for the body,NQ,natural_questions
660,african american winner of oscar tony and emmy,NQ,natural_questions
661,when does descendants 2 the movie come out,NQ,natural_questions
662,how old was mary queen of scots when she took the throne,NQ,natural_questions
663,who sang the theme song of good times,NQ,natural_questions
664,where does pollination take place in flowering plants,NQ,natural_questions
665,when did riyadh become the capital of saudi arabia,NQ,natural_questions
666,when does 2nd season of star trek discovery start,NQ,natural_questions
667,who is referee for world cup final 2018,NQ,natural_questions
668,when was the last time the draft was used,NQ,natural_questions
669,which house can a single member stop action through the filibuster,NQ,natural_questions
670,when does the new southpark season come out,NQ,natural_questions
671,who is the longest serving prisoner in australia,NQ,natural_questions
672,when does season 3 of trollhunters come out,NQ,natural_questions
673,where is the windy road in san francisco,NQ,natural_questions
674,nearest metro station to majnu ka tilla delhi,NQ,natural_questions
675,where was a very merry daughter of the bride filmed,NQ,natural_questions
676,how many times has tom brady won super bowl mvp,NQ,natural_questions
677,where does the movie the river wild take place,NQ,natural_questions
678,where is the mlb little league classic played,NQ,natural_questions
679,what organ system controls the eccrine sweat glands,NQ,natural_questions
680,where did the parents go on good times,NQ,natural_questions
681,where was the first labor day celebration held,NQ,natural_questions
682,when is valentine's day when is valentine's day,NQ,natural_questions
683,when does the mother come in how i met your mother,NQ,natural_questions
684,who won at the battle of stamford bridge,NQ,natural_questions
685,when did the first public kindergarten open in the united states,NQ,natural_questions
686,what character sings summertime in porgy and bess,NQ,natural_questions
687,when's the last time we had solar eclipse,NQ,natural_questions
688,when did channel 5 start in the uk,NQ,natural_questions
689,when are more episodes of troll hunters coming out,NQ,natural_questions
690,who is next in line to the throne in england,NQ,natural_questions
691,who sang the country and western song no charge,NQ,natural_questions
692,who said we hold these truths to be self evident,NQ,natural_questions
693,who scored chelsea's first goal last season,NQ,natural_questions
694,who hit the most homeruns in a single season,NQ,natural_questions
695,where did royal family live before buckingham palace,NQ,natural_questions
696,where was indo pak simla agreement 1972 concluded,NQ,natural_questions
697,where is the army navy game played in 2016,NQ,natural_questions
698,who plays the queen in 300 rise of an empire,NQ,natural_questions
699,who plays bobby ray in to wong foo,NQ,natural_questions
700,who is known as a father of indian cricket,NQ,natural_questions
701,where is the world cup being held this year,NQ,natural_questions
702,when did the tax free savings account start in canada,NQ,natural_questions
703,where did the clippers play before staples center,NQ,natural_questions
704,who narrated the original 1966 how the grinch stole christmas,NQ,natural_questions
705,who holds the record for winning the most academy awards,NQ,natural_questions
706,who played eric's sister on that 70 show,NQ,natural_questions
707,who scored the last hat trick for england,NQ,natural_questions
708,where did the math symbol pi come from,NQ,natural_questions
709,ascites is one of the late features of,NQ,natural_questions
710,who did the cherokee side with in the revolutionary war,NQ,natural_questions
711,when is father's day celebrated each year,NQ,natural_questions
712,when did laurie change in that 70s show,NQ,natural_questions
713,who does buffalo bills play in the playoffs,NQ,natural_questions
714,who is running for us senate in az,NQ,natural_questions
715,what movie was the song bad day in,NQ,natural_questions
716,what was shaggys real name in scooby doo,NQ,natural_questions
717,when is the afl grand final being played,NQ,natural_questions
718,what does the bc in bc powder stand for,NQ,natural_questions
719,where will the winter olympics be held in 4 years,NQ,natural_questions
720,who plays elf king in desolation of smaug,NQ,natural_questions
721,how many american soldiers died in the world war 1,NQ,natural_questions
722,who plays the older sister in series of unfortunate events,NQ,natural_questions
723,when does dancing with the stars athletes 2018 start,NQ,natural_questions
724,where was the girl with the dragon tattoo filmed,NQ,natural_questions
725,president of un general assembly is from which country,NQ,natural_questions
726,who plays jem in jem and the holograms,NQ,natural_questions
727,what are the seven basic tools of quality,NQ,natural_questions
728,who sang lead vocals on let it be,NQ,natural_questions
729,where did the saying keep calm and carry on originate,NQ,natural_questions
730,who plays joe in bend it like beckham,NQ,natural_questions
731,who said sun is the center of the solar system,NQ,natural_questions
732,when was the last date antarctica was free of ice,NQ,natural_questions
733,who sang the hit 1976 song play that funky music,NQ,natural_questions
734,who won the second series of the great british bake off,NQ,natural_questions
735,when was the last year auburn beat alabama,NQ,natural_questions
736,the mediterranean climate belongs to which major climate type,NQ,natural_questions
737,which was adopted and raised by a king of mithila,NQ,natural_questions
738,when did john snow come back to life,NQ,natural_questions
739,when was the last time the georgia bulldogs won the ncaa football championship,NQ,natural_questions
740,when did a dog's purpose take place,NQ,natural_questions
741,when was the first iphone released in usa,NQ,natural_questions
742,where does most absorption occur in the nephron,NQ,natural_questions
743,who wrote the music for avatar the last airbender,NQ,natural_questions
744,where does the last name fletcher come from,NQ,natural_questions
745,the dutch east india company expected what export from indonesia,NQ,natural_questions
746,where does living on one dollar take place,NQ,natural_questions
747,when did bryan adams wrote everything i do,NQ,natural_questions
748,who plays izzie stevens on grey's anatomy,NQ,natural_questions
749,who hit a walk off homerun to win the world series,NQ,natural_questions
750,what movie was wicked games the song in,NQ,natural_questions
751,when was my heart will go on wrote,NQ,natural_questions
752,who is the mean lady in the wizard of oz,NQ,natural_questions
753,the ability of an operating system to run multiple programs,NQ,natural_questions
754,who was the captain of indian cricket team in 2007 world cup,NQ,natural_questions
755,who sang my name is tallulah in bugsy malone,NQ,natural_questions
756,what is the largest plane in the us air force,NQ,natural_questions
757,when did the 3 point shot start in high school,NQ,natural_questions
758,when does the school year end in australia,NQ,natural_questions
759,what does tmz stand for on the tv show,NQ,natural_questions
760,what was the last mary kate and ashley movie,NQ,natural_questions
761,who plays arthur in arthur and the invisibles,NQ,natural_questions
762,how much gigabytes of ram does an iphone 6s have,NQ,natural_questions
763,when was the bee gees one for all tour,NQ,natural_questions
764,what does d stand for in arithmetic sequence,NQ,natural_questions
765,who made her first film debut as a pink lady in the film 'grease 2,NQ,natural_questions
766,when was the last time india won the cricket world cup,NQ,natural_questions
767,who is regarded as the father of the scenario method,NQ,natural_questions
768,who played betsy in the white cliffs of dover,NQ,natural_questions
769,the constitutional convention created which form of legislature,NQ,natural_questions
770,who sang kiss on the lips my lover,NQ,natural_questions
771,where does the movie air bud take place,NQ,natural_questions
772,who plays samson's mom in the movie samson,NQ,natural_questions
773,it is a single chip microcomputer consisting of a memory unit and an i/o unit,NQ,natural_questions
774,who is credited with the invention of the internet,NQ,natural_questions
775,what is the file extension for adobe illustrator,NQ,natural_questions
776,who sang the song i want to hold your hand,NQ,natural_questions
777,who has the best career 3 point percentage in nba history,NQ,natural_questions
778,what is the political system in the usa,NQ,natural_questions
779,when did the ipod touch 1 come out,NQ,natural_questions
780,who was the only u.s. president whose grandfather was also president,NQ,natural_questions
781,who won the 2007 college football national championship,NQ,natural_questions
782,when did abbott and costello do who's on first,NQ,natural_questions
783,when does the new episode of the 100,NQ,natural_questions
784,when did swedish become the official language of sweden,NQ,natural_questions
785,how long is a wwe nxt live event,NQ,natural_questions
786,where did the light brown apple moth came from,NQ,natural_questions
787,when will the new season of who do you think you are start,NQ,natural_questions
788,according to the proverb what is the mother of invention,NQ,natural_questions
789,who present budget in parliament the last separate rail budget of india,NQ,natural_questions
790,who does all the voices on the simpsons,NQ,natural_questions
791,when does season 2 of the good place end,NQ,natural_questions
792,who has the best nba record in history,NQ,natural_questions
793,the frsc was formally established by the act of parliament in,NQ,natural_questions
794,what type of government does gambia have today,NQ,natural_questions
795,what were the british looking for during the battle of lexington and concord,NQ,natural_questions
796,who sang there no one quite like grandma,NQ,natural_questions
797,who won the money in the bank 2017,NQ,natural_questions
798,who is hosting new years eve in hollywood,NQ,natural_questions
799,when was the first indian space craft sent to planet mars by isro,NQ,natural_questions
800,when does wizarding world of harry potter open,NQ,natural_questions
801,when did ice dancing first appear in the olympics,NQ,natural_questions
802,who has scored the most goals in fifa world cup history,NQ,natural_questions
803,who plays lucky on king of the hill,NQ,natural_questions
804,when was goa carnival cruise held in 2017,NQ,natural_questions
805,when's the last time the united states won the ryder cup,NQ,natural_questions
806,the inferior portion of the pharynx which extends from the epiglottis to the esophagus is the,NQ,natural_questions
807,who sings i've got a lovely bunch of coconuts in lion king,NQ,natural_questions
808,when is isle of dogs in wide release,NQ,natural_questions
809,which company is bigger home depot or lowe's,NQ,natural_questions
810,why is the total mass of a helium nucleus not equal to the mass of its individual parts,NQ,natural_questions
811,what is the main branch of the new york public library,NQ,natural_questions
812,what is the meaning of tvr in media,NQ,natural_questions
813,who did john michie play in coronation street,NQ,natural_questions
814,when does a dead dog start to decompose,NQ,natural_questions
815,which two us senators proposed and helped pass the investment platform roth ira,NQ,natural_questions
816,what is the average time in days between moon phases,NQ,natural_questions
817,who did ali fight in the rumble in the jungle,NQ,natural_questions
818,what muscle attach to the chordae tendineae to hold the valves in place,NQ,natural_questions
819,who made all i do is think of you,NQ,natural_questions
820,where does the ohio river start and finish,NQ,natural_questions
821,when was the last time the georgia bulldogs won the sec championship,NQ,natural_questions
822,when did nigeria won under 17 world cup,NQ,natural_questions
823,in what episode does amy tells her parents,NQ,natural_questions
824,when does the season finale of shadowhunters air,NQ,natural_questions
825,who plays the flash in the new justice league,NQ,natural_questions
826,when do serena and nate date in gossip girl,NQ,natural_questions
827,actor who played justin in 13 reasons why,NQ,natural_questions
828,the most famous oratorio in the world is messiah written by,NQ,natural_questions
829,when was the book fire and fury released,NQ,natural_questions
830,when did daylight savings time begin in history,NQ,natural_questions
831,a type of drug that works by enhancing the action of the neurotransmitter gaba,NQ,natural_questions
832,who play the role of jadu in koi mil gaya,NQ,natural_questions
833,where do i go to get to the statue of liberty,NQ,natural_questions
834,who pays the money awarded in judge rinder,NQ,natural_questions
835,when did voyager 2 leave our solar system,NQ,natural_questions
836,who led the solidarity movement for independence in poland,NQ,natural_questions
837,when did christmas become a holiday in uk,NQ,natural_questions
838,who stars in the movie fifty shades freed,NQ,natural_questions
839,what state did the trail of tears lead to,NQ,natural_questions
840,who said mirror mirror on the wall who's the fairest of them all,NQ,natural_questions
841,who played george washington in the john adams series,NQ,natural_questions
842,who determined the capacity of short term memory,NQ,natural_questions
843,how many syllables are in one line of iambic pentameter,NQ,natural_questions
844,who sings the song straight from the heart,NQ,natural_questions
845,who won wwe universal championship in royal rumble 2018,NQ,natural_questions
846,when is horrid henry season 5 coming out,NQ,natural_questions
847,who does clary end up with in mortal instruments,NQ,natural_questions
848,who wrote are you gonna kiss me or not lyrics,NQ,natural_questions
849,who plays lily potter in the deathly hallows,NQ,natural_questions
850,first singer to win the best playback singer filmfare award,NQ,natural_questions
851,first indian to take hattrick in one day cricket,NQ,natural_questions
852,who played boo radley in to kill a mockingbird,NQ,natural_questions
853,when was the last time the social security cap was raised,NQ,natural_questions
854,what kind of car did they use in the movie christine,NQ,natural_questions
855,who owns the golden nugget in lake charles,NQ,natural_questions
856,who plays the mammoth in ice age 2,NQ,natural_questions
857,where is the electron transport chain located in bacterial cells,NQ,natural_questions
858,who played daenerys targaryen brother in game of thrones,NQ,natural_questions
859,who wrote the book for in the heights,NQ,natural_questions
860,the lost medallion the adventures of billy stone cast,NQ,natural_questions
861,who plays will's father in pirates of the caribbean,NQ,natural_questions
862,who is the biggest selling girl group of all time,NQ,natural_questions
863,powers specifically given to congress in the constitution are called,NQ,natural_questions
864,a flat utensil on which we food to eat,NQ,natural_questions
865,when did the galaxy tab a 8.0 come out,NQ,natural_questions
866,when was the sisters of charity founded in australia,NQ,natural_questions
867,why do my fingers bend so far back,NQ,natural_questions
868,who is in line to be king or queen of england,NQ,natural_questions
869,when do dragon ball super episode 107 come on,NQ,natural_questions
870,who wins the challenge champs vs stars 2018,NQ,natural_questions
871,who sang the story of my life first,NQ,natural_questions
872,when did the movie mad money come out,NQ,natural_questions
873,where did england finish in the world cup,NQ,natural_questions
874,when did the first episode of one piece air,NQ,natural_questions
875,when was the national minimum drinking age act passed,NQ,natural_questions
876,who won gold medal for pakistan in cwg 2018,NQ,natural_questions
877,when does the 2018 mlb regular season start,NQ,natural_questions
878,what is the solid outermost layer of the earth,NQ,natural_questions
879,when did the grateful dead stop using the wall of sound,NQ,natural_questions
880,when was the last time usa womens hockey won gold,NQ,natural_questions
881,who organized the first pan-african conference in 1900 apex,NQ,natural_questions
882,who plays captain price in call of duty,NQ,natural_questions
883,who has been appointed as the new chief election commissioner of india,NQ,natural_questions
884,what country decided to support america because of the victory at saratoga,NQ,natural_questions
885,who helped the pilgrims in the new world,NQ,natural_questions
886,where did australian soldiers fight after the kokoda campaign,NQ,natural_questions
887,who killed the starks at the red wedding,NQ,natural_questions
888,when do you put the flag up for memorial day,NQ,natural_questions
889,in baseball statistics what does opie s stand for,NQ,natural_questions
890,who won the mens doubles at australian open 2018,NQ,natural_questions
891,who voiced the plant in little shop of horrors,NQ,natural_questions
892,who has the highest minimum wage in the world,NQ,natural_questions
893,what is the latest ios version for ipad,NQ,natural_questions
894,when is sturgis bike rally in south dakota,NQ,natural_questions
895,where is leave it to beaver supposed to take place,NQ,natural_questions
896,who is the president pro tempore of the state senate,NQ,natural_questions
897,when was the first coliseum built in rome,NQ,natural_questions
898,when was palestine separated from the ottoman empire,NQ,natural_questions
899,in which year was the raymomd group incorporated,NQ,natural_questions
900,who sings viva las vegas in the big lebowski,NQ,natural_questions
901,what is the meaning of e.& o.e,NQ,natural_questions
902,part of the adrenal gland that secretes epinephrine and norepinephrine,NQ,natural_questions
903,who wrote take me out to the ball game,NQ,natural_questions
904,what is the most famous sport in argentina,NQ,natural_questions
905,when was the first airbag put in a car,NQ,natural_questions
906,who did john carter have a baby with,NQ,natural_questions
907,when did the ground rule double go into effect,NQ,natural_questions
908,when did the original lost in space start,NQ,natural_questions
909,who signed the social security act of 1935,NQ,natural_questions
910,where was the movie far from the madding crowd filmed,NQ,natural_questions
911,what helped the us out of the great depression,NQ,natural_questions
912,when does the new lost in space come out,NQ,natural_questions
913,who won the fight in freddy vs jason,NQ,natural_questions
914,what is the name of the first anglican church,NQ,natural_questions
915,who is the captain of the giants netball team,NQ,natural_questions
916,when is the day as long as the night,NQ,natural_questions
917,when does this is us season two end,NQ,natural_questions
918,highest run scorer of under 19 world cup 2018,NQ,natural_questions
919,what were two examples of proxy wars that were fought during the cold war,NQ,natural_questions
920,who came up with the uses and gratifications theory,NQ,natural_questions
921,who did the voice of arnold in hey arnold,NQ,natural_questions
922,where is the boxing hall of fame located,NQ,natural_questions
923,what name was given to the literary movement that occurred from the end of ww2,NQ,natural_questions
924,who was the first person inducted in the wwe hall of fame,NQ,natural_questions
925,where in the oceans are siliceous oozes typically found,NQ,natural_questions
926,the name given to mauritius by the portuguese,NQ,natural_questions
927,what was the first year of the nissan rogue,NQ,natural_questions
928,when did crystal palace join the premier league,NQ,natural_questions
929,when is season 2 over for this is us,NQ,natural_questions
930,movie where guy falls in love with ai,NQ,natural_questions
931,when does wild n out season 11 come back on,NQ,natural_questions
932,who bears the risk if the subject is insured against that particular risk,NQ,natural_questions
933,when does taylor swift's album come out 2017,NQ,natural_questions
934,who was boz and what did he write about,NQ,natural_questions
935,what time will kingdom come deliverance come out,NQ,natural_questions
936,who sang for johnny depp in cry baby,NQ,natural_questions
937,how many stores does toys r us have in the united states,NQ,natural_questions
938,when was the last time usa did not make the world cup,NQ,natural_questions
939,how many family dollar stores in the us,NQ,natural_questions
940,fort wayne indiana lies on which line of longitude,NQ,natural_questions
941,who sang the song at the end of moana,NQ,natural_questions
942,who is left from the original four tops,NQ,natural_questions
943,when did victor newman first appear on the young and the restless,NQ,natural_questions
944,india's first satellite aryabhatta was launched in,NQ,natural_questions
945,where did smokey the bear live after the fire,NQ,natural_questions
946,who sang we're on the road to nowhere,NQ,natural_questions
947,who is the father of colleen ballengers baby,NQ,natural_questions
948,who won the first season of zumbo's just desserts,NQ,natural_questions
949,when did the california seat belt law start,NQ,natural_questions
950,what is the purpose of a grain silo,NQ,natural_questions
951,when did the movie old yeller come out,NQ,natural_questions
952,before the spanish took over who owned the land that is now mexico,NQ,natural_questions
953,pirates of the caribbean at world's end love theme,NQ,natural_questions
954,which is the largest island of the tunku abdul national park,NQ,natural_questions
955,adventure time finale come along with me release date,NQ,natural_questions
956,who plays pac in all eyez on me,NQ,natural_questions
957,amount for old age security pension in canada,NQ,natural_questions
958,who played chandler bing's parents on friends,NQ,natural_questions
959,who rolled back the stone from the tomb,NQ,natural_questions
960,when did the emperor of japan lose power,NQ,natural_questions
961,which world culture features the singing style known as call and response,NQ,natural_questions
962,who has won the intercontinental championship the most,NQ,natural_questions
963,what is the population of the state of new hampshire,NQ,natural_questions
964,who was the woman in video killed the radio star,NQ,natural_questions
965,who plays donna's grandfather in doctor who,NQ,natural_questions
966,when was part c of eahca passed into law,NQ,natural_questions
967,who is the biggest selling author of all time,NQ,natural_questions
968,what do they call flip flops in australia,NQ,natural_questions
969,what are the aims and functions of warehouses,NQ,natural_questions
970,r kelly you remind me of something album,NQ,natural_questions
971,what's the name of the goat in ferdinand,NQ,natural_questions
972,where is air usually vented from the cabin of the vehicle,NQ,natural_questions
973,who said don't give up the ship,NQ,natural_questions
974,who is credited with having coined the term platonic love,NQ,natural_questions
975,where is war of the planet of the apes set,NQ,natural_questions
976,who came in second place in the kentucky derby,NQ,natural_questions
977,who became the chief minister of madras presidency in 1923 after justice party won the election,NQ,natural_questions
978,whats the name of santa's 9 reindeer,NQ,natural_questions
979,who sang i've been loving you too long,NQ,natural_questions
980,who won the who shot mr burns contest,NQ,natural_questions
981,what two documents was the bill of rights based on,NQ,natural_questions
982,top 10 largest economic countries in the world,NQ,natural_questions
983,who wins rupaul's all stars season 3,NQ,natural_questions
984,when does the last twilight movie come out,NQ,natural_questions
985,what is it called when a computer runs more than one process at a time,NQ,natural_questions
986,when does diary of a wimpy kid come put,NQ,natural_questions
987,who played guitar on speak of the devil,NQ,natural_questions
988,where does the great allegheny passage start in pittsburgh,NQ,natural_questions
989,who were the original twins in everybody loves raymond,NQ,natural_questions
990,who plays nimue in once upon a time,NQ,natural_questions
991,who invented the trigger for the atomic bomb,NQ,natural_questions
992,songs that chester bennington sing for stone temple pilots,NQ,natural_questions
993,how many times has nigeria won the fifa u17 world cup,NQ,natural_questions
994,who sings love you like there's no tomorrow,NQ,natural_questions
995,who had albums called 19 21 and 25,NQ,natural_questions
996,who made the super mario bros theme song,NQ,natural_questions
997,who did the voice of granny on looney tunes,NQ,natural_questions
998,who wrote the south carolina ordinance of secession,NQ,natural_questions
999,first major female actress from mexico to land significant roles in hollywood,NQ,natural_questions
1000,when did the dangers of asbestos became known,NQ,natural_questions
1001,where do calluses on your feet come from,NQ,natural_questions
1002,who was the woman that sang with meatloaf,NQ,natural_questions
1003,when was the last time england got to world cup quarter finals,NQ,natural_questions
1004,when does stranger things season 1 take place,NQ,natural_questions
1005,who is the owner of st louis cardinals,NQ,natural_questions
1006,till death do us part movie box office,NQ,natural_questions
1007,what was the number 1 box office motion picture for the week of christmas in december 1997,NQ,natural_questions
1008,who plays the young hugh jackman in the greatest showman,NQ,natural_questions
1009,who plays adrienne on days of our lives,NQ,natural_questions
1010,how many episodes are there in ghost whisperer,NQ,natural_questions
1011,who is cast as wonder woman in the new movie,NQ,natural_questions
1012,who began exploration of africa's atlantic coast,NQ,natural_questions
1013,who did the texas rangers play in the world series,NQ,natural_questions
1014,when did the second battle of panipat took place,NQ,natural_questions
1015,when did twenty one pilots win a grammy,NQ,natural_questions
1016,what part of a spark plug breaks glass,NQ,natural_questions
1017,when did the voting age lowered to 18,NQ,natural_questions
1018,where did the tv show hill street blues take place,NQ,natural_questions
1019,the accepted practices exchange (apex) is an initiative of the,NQ,natural_questions
1020,who is the minister of sports and recreation,NQ,natural_questions
1021,who was the first black to play major league baseball,NQ,natural_questions
1022,who fought a battle on the bank of jhelum river,NQ,natural_questions
1023,how many game of thrones seasons are on dvd,NQ,natural_questions
1024,who plays emmett brown in back to the future,NQ,natural_questions
1025,who won the battle of appomattox in the civil war,NQ,natural_questions
1026,whos the gm of the oakland a's,NQ,natural_questions
1027,what is the highest closing for the s&p 500,NQ,natural_questions
1028,who was severide married to on chicago fire,NQ,natural_questions
1029,who is the public protector is south africa,NQ,natural_questions
1030,the first telegraph message was transmitted between two cities in,NQ,natural_questions
1031,who played the mean old lion in the wiz,NQ,natural_questions
1032,how many fire departments in the united states,NQ,natural_questions
1033,where is the house located in american horror story roanoke,NQ,natural_questions
1034,when was the secret life of walter mitty written,NQ,natural_questions
1035,king gizzard and the lizard wizard 2 drummers,NQ,natural_questions
1036,list of countries having pound as their currency,NQ,natural_questions
1037,when did mizoram became a state of india,NQ,natural_questions
1038,who is the actor that plays jesus on walking dead,NQ,natural_questions
1039,when does the next step show on cbbc,NQ,natural_questions
1040,who used the first poison gas in ww1,NQ,natural_questions
1041,how many members of the mormon tabernacle choir,NQ,natural_questions
1042,what beatles song did u2 cover on rattle and hum,NQ,natural_questions
1043,who discovered the occurrence of oil in in assam,NQ,natural_questions
1044,who played captain salazar on pirates of the caribbean,NQ,natural_questions
1045,who was the leader of the visigoths that invaded the roman empire,NQ,natural_questions
1046,who played detective green on law & order,NQ,natural_questions
1047,what is the highest tower in the world,NQ,natural_questions
1048,when was the reflecting pool in washington dc built,NQ,natural_questions
1049,where did they film our souls at night,NQ,natural_questions
1050,who played april on too close for comfort,NQ,natural_questions
1051,who does chef's voice in south park,NQ,natural_questions
1052,who sings see you again with wiz khalifa,NQ,natural_questions
1053,who plays celia in last tango in halifax,NQ,natural_questions
1054,who sang the original i can't live without you,NQ,natural_questions
1055,what was the purpose of the easter island statues,NQ,natural_questions
1056,who hosted whose line is it anyway before drew carey,NQ,natural_questions
1057,who was the voice of dory in finding dory,NQ,natural_questions
1058,who got turned to salt in the bible,NQ,natural_questions
1059,when was the last time waterford were in an all ireland final,NQ,natural_questions
1060,who was drafted in front of kevin durant,NQ,natural_questions
1061,who won the 1913 us open golf tournament,NQ,natural_questions
1062,when is the next star wars 9 coming out,NQ,natural_questions
1063,who played the mother in yankee doodle dandy,NQ,natural_questions
1064,where did the battle of bunker hill occur,NQ,natural_questions
1065,what is the previous name of ccsu meerut,NQ,natural_questions
1066,who played sidney poitier's daughter in a warm december,NQ,natural_questions
1067,what episode of the partridge family did they sing i think i love you,NQ,natural_questions
1068,where was christianity most strongly established by ad 325,NQ,natural_questions
1069,who led the development of the ibm personal computer,NQ,natural_questions
1070,how long did it take to travel from london to edinburgh by horse,NQ,natural_questions
1071,what were the scribes called who preserved the old testament text,NQ,natural_questions
1072,who led carthage in the first punic war,NQ,natural_questions
1073,where are the gifts of the spirit found in the bible,NQ,natural_questions
1074,what is the gravity difference between earth and moon,NQ,natural_questions
1075,when was chlorine gas first used in ww1,NQ,natural_questions
1076,when did the battle of kadesh start and finish,NQ,natural_questions
1077,who had translated the bengali play neel darpan into english,NQ,natural_questions
1078,when did pong become playable on the television,NQ,natural_questions
1079,how many valence electrons do the elements in group 17 have,NQ,natural_questions
1080,where is the headquarters for the usga located,NQ,natural_questions
1081,what layer of the earth is the ozone in,NQ,natural_questions
1082,when was snow white and the huntsman released,NQ,natural_questions
1083,when did the american constitution came into force,NQ,natural_questions
1084,who was president when the british burned down the white house during the war of 1812,NQ,natural_questions
1085,who wrote elvis song can't help falling in love with you,NQ,natural_questions
1086,when did the song bennie and the jets come out,NQ,natural_questions
1087,who dies at the end of american history x,NQ,natural_questions
1088,when did the first flat screen come out,NQ,natural_questions
1089,what position enabled monroney to promote the creation of the faa,NQ,natural_questions
1090,who was memoirs of a geisha based on,NQ,natural_questions
1091,when did the weather channel start naming winter storms,NQ,natural_questions
1092,who wrote the equation for the law of gravitation,NQ,natural_questions
1093,when did yu yu hakusho anime come out,NQ,natural_questions
1094,who sings your the reason god made oklahoma,NQ,natural_questions
1095,who are the characters in the movie casino based on,NQ,natural_questions
1096,when was the first cctv camera used in the uk,NQ,natural_questions
1097,where does the saying dressed to the nines come from,NQ,natural_questions
1098,who sang loving you has made me bananas,NQ,natural_questions
1099,who sang the theme song for toy story,NQ,natural_questions
1100,when does ben come into parks and rec,NQ,natural_questions
1101,who decides how much the president will be paid,NQ,natural_questions
1102,who won the stanley cup finals in 2018,NQ,natural_questions
1103,what is the population of east st louis il,NQ,natural_questions
1104,who sings the song on orange is the new black,NQ,natural_questions
1105,where was a place to call home filmed,NQ,natural_questions
1106,who sings back in the middle with you,NQ,natural_questions
1107,when is the finale for rpdr season 10,NQ,natural_questions
1108,who wrote blake shelton's song i lived it,NQ,natural_questions
1109,when was the idaho state capitol building built,NQ,natural_questions
1110,how many chromosomes does a human diploid cell have,NQ,natural_questions
1111,who is the youngest person that had a baby,NQ,natural_questions
1112,who dies in season 6 episode 1 of grey's anatomy,NQ,natural_questions
1113,who is known as trimurthy of carnatic music,NQ,natural_questions
1114,where is the villi located in the small intestine,NQ,natural_questions
1115,who did meg ryan play on as the world turns,NQ,natural_questions
1116,when did the angel of the north go up,NQ,natural_questions
1117,who was an early advocate of the social gospel,NQ,natural_questions
1118,who does the voice of sky in paw patrol,NQ,natural_questions
1119,when is the finale of walking dead season 8,NQ,natural_questions
1120,what was the guy's name that played mark on roseanne,NQ,natural_questions
1121,when is the last book of game of thrones coming out,NQ,natural_questions
1122,where does tea come from in the world,NQ,natural_questions
1123,the technical term for the study of body motions used in communication is,NQ,natural_questions
1124,who won the big brother naija last year,NQ,natural_questions
1125,who owns pilot and flying j truck stops,NQ,natural_questions
1126,who wrote the song unthinkable for alicia keys,NQ,natural_questions
1127,who came up with the gun free zone,NQ,natural_questions
1128,when does the new season of wentworth premiere,NQ,natural_questions
1129,who is the leader of the senate when the vp isn't there,NQ,natural_questions
1130,what are the judges names on strictly come dancing,NQ,natural_questions
1131,who plays james nava in shades of blue,NQ,natural_questions
1132,which year was india capital shifted from calcutta to delhi,NQ,natural_questions
1133,where is the street where the beatles crossed,NQ,natural_questions
1134,who is the famous painter who painted shakunthala,NQ,natural_questions
1135,who has the most strike outs in mlb,NQ,natural_questions
1136,who wrote the work ' the post office',NQ,natural_questions
1137,where did love bugs in florida come from,NQ,natural_questions
1138,who won the man booker international prize recently,NQ,natural_questions
1139,who have been the host of wheel of fortune,NQ,natural_questions
1140,the per capita co2 emission is the highest in world,NQ,natural_questions
1141,how old you have to be to drink in jamaica,NQ,natural_questions
1142,who played the mother on my three sons,NQ,natural_questions
1143,who won first season of americas got talent,NQ,natural_questions
1144,who plays nell jones on ncis los angeles,NQ,natural_questions
1145,when did the chicago bulls became a team,NQ,natural_questions
1146,who played the daughter in white house down,NQ,natural_questions
1147,who were the greek philosophers who contributed the basic information about atoms,NQ,natural_questions
1148,when did qld first win the sheffield shield,NQ,natural_questions
1149,who has more wins east or west nba,NQ,natural_questions
1150,who is jennifer hudson's character in dreamgirls based on,NQ,natural_questions
1151,when did piracy hit its apex in the caribbean,NQ,natural_questions
1152,who played the caveman in night at the museum 3,NQ,natural_questions
1153,who sings i came back to let you know,NQ,natural_questions
1154,where does it rain the most in texas,NQ,natural_questions
1155,who played adam on little house on the prairie,NQ,natural_questions
1156,who wrote am i all alone or is it only me,NQ,natural_questions
1157,when did earth's population reach 1 billion,NQ,natural_questions
1158,who was elected to the lok sabha at the young age of 26,NQ,natural_questions
1159,what county is port saint lucie florida in,NQ,natural_questions
1160,when did michael jackson's thriller come out,NQ,natural_questions
1161,when did will and grace end the first time,NQ,natural_questions
1162,who plays stevens dad on that 70s show,NQ,natural_questions
1163,where was 10 things i hate about you filmed house,NQ,natural_questions
1164,who won the golden boot in premier league this season,NQ,natural_questions
1165,who plays diana's aunt in wonder woman,NQ,natural_questions
1166,what is the name of the lake in the lake district,NQ,natural_questions
1167,who paid for the expansion of the panama canal,NQ,natural_questions
1168,who was the first hero of the philippines,NQ,natural_questions
1169,who has won the most uefa champions league cups,NQ,natural_questions
1170,when does greys anatomy season 14 episode 18 air,NQ,natural_questions
1171,who killed the family in season 4 of the killing,NQ,natural_questions
1172,who is the actor who plays ronan in guardians of the galaxy,NQ,natural_questions
1173,who was known as the father of geometry,NQ,natural_questions
1174,who sings the song a rainy night in georgia,NQ,natural_questions
1175,when did the battle of bunker hill start,NQ,natural_questions
1176,when does my little pony movie come out,NQ,natural_questions
1177,visa requirements for australian citizens travelling to brazil,NQ,natural_questions
1178,where is the story of abigael found in the bible,NQ,natural_questions
1179,period from fertilization of the ovum to birth,NQ,natural_questions
1180,how many episodes are in season 4 of i am jazz,NQ,natural_questions
1181,how many zeros does the number google have,NQ,natural_questions
1182,which us city is the game of monopoly based on,NQ,natural_questions
1183,what layer of the osi model do vlans use,NQ,natural_questions
1184,who wrote the theory and practice of oligarchical collectivism,NQ,natural_questions
1185,when did the bengals won a playoff game,NQ,natural_questions
1186,the first chairman of the atomic energy commission in india was,NQ,natural_questions
1187,who stole the lightning bolt in percy jackson book,NQ,natural_questions
1188,who presides over debates in the parliament of ghana,NQ,natural_questions
1189,1 foot is equal to how many m,NQ,natural_questions
1190,when did the pilgrims come to north america,NQ,natural_questions
1191,who plays general gage in sons of liberty,NQ,natural_questions
1192,who plays batman in the justice league movie,NQ,natural_questions
1193,what was the first coin minted in the united states,NQ,natural_questions
1194,who will be promoted to the premier league 2019,NQ,natural_questions
1195,who led the slave revolt in saint domingue,NQ,natural_questions
1196,what was the highest number of u.s. soldiers in south vietnam at one time,NQ,natural_questions
1197,how many ncaa division 1 wrestling teams are there,NQ,natural_questions
1198,who does joey end up with on dawson's creek,NQ,natural_questions
1199,icici bank is it foreign bank or indian bank,NQ,natural_questions
1200,when did the first bubba gump shrimp open,NQ,natural_questions
1201,what is the name of the most important jewish text,NQ,natural_questions
1202,who won the 3 point contest last year,NQ,natural_questions
1203,what do we call the moment when the sperm and ovum join,NQ,natural_questions
1204,who sang how do i live without you first,NQ,natural_questions
1205,where did the saying get outta dodge come from,NQ,natural_questions
1206,google what is the capital of new york,NQ,natural_questions
1207,when did the worlds population reach 1 billion,NQ,natural_questions
1208,what is the name of a young elephant,NQ,natural_questions
1209,who does ian nelson play in the hunger games,NQ,natural_questions
1210,when are the next star wars coming out,NQ,natural_questions
1211,who was the original hosts of american idol,NQ,natural_questions
1212,when was weed made illegal in new zealand,NQ,natural_questions
1213,what physical quantity is a measure of the amount of inertia and object has,NQ,natural_questions
1214,what type of car is the dukes of hazzard car,NQ,natural_questions
1215,who did jessica mcnamee play in home and away,NQ,natural_questions
1216,which area did the monroe doctrine aim to free from european influence,NQ,natural_questions
1217,what does bf stand for in bf goodrich,NQ,natural_questions
1218,how many episodes are in the first season of house of cards,NQ,natural_questions
1219,first major battle of the english civil war,NQ,natural_questions
1220,who has won most super bowls in a row,NQ,natural_questions
1221,how many seasons of the brady bunch were there,NQ,natural_questions
1222,who is the current director of homeland security,NQ,natural_questions
1223,where does the last name enriquez come from,NQ,natural_questions
1224,who played rachel in the first blade runner movie,NQ,natural_questions
1225,when did the kraft heinz merger take place,NQ,natural_questions
1226,who designed eleanor for gone in 60 seconds,NQ,natural_questions
1227,when is the second episode of before the storm coming out,NQ,natural_questions
1228,who wrote rick and morty season 3 episode 3,NQ,natural_questions
1229,according to the declaration of independence what are three unalienable rights,NQ,natural_questions
1230,where does the cell get energy for active transport processes,NQ,natural_questions
1231,how many chipotle restaurants are there in the us,NQ,natural_questions
1232,who hit the first home run at the new yankee stadium,NQ,natural_questions
1233,who played gimli in the lord of the rings movies,NQ,natural_questions
1234,what is the cartoon in the malcolm in the middle intro,NQ,natural_questions
1235,who won the french open 2015 men's single title,NQ,natural_questions
1236,who wrote the first four books of the new testament,NQ,natural_questions
1237,who plays suzie in the marvelous mrs maisel,NQ,natural_questions
1238,who has the most acc championships in football,NQ,natural_questions
1239,what breed of dog in turner and hooch,NQ,natural_questions
1240,do snowy owls live in the northern or southern hemisphere,NQ,natural_questions
1241,who died in the 16th street baptist church bombing,NQ,natural_questions
1242,who does vocals on shine on you crazy diamond,NQ,natural_questions
1243,who played the feather duster in beauty and the beast,NQ,natural_questions
1244,when was the last time a solar eclipse occurred in nz,NQ,natural_questions
1245,who plays the ex wife on the orville,NQ,natural_questions
1246,what states plan created the house of representatives,NQ,natural_questions
1247,when did the first tesla car come out,NQ,natural_questions
1248,the provinces 'of the vijayanagara empire were called as,NQ,natural_questions
1249,who plays robb starks wife in game of thrones,NQ,natural_questions
1250,when does dragon ball z super come out,NQ,natural_questions
1251,when is the go train coming to bowmanville,NQ,natural_questions
1252,during the 1920s the united states economy move through which phase of the business cycle,NQ,natural_questions
1253,who won the title of miss india in 2018,NQ,natural_questions
1254,who won the big ten conference in basketball,NQ,natural_questions
1255,when was nicky ricky dicky and dawn made,NQ,natural_questions
1256,in the game left 4 dead what is the name of the big muscular enemy,NQ,natural_questions
1257,who gives expert view on the facts in their area of their expertise,NQ,natural_questions
1258,who got the golden gloves in world cup 2018,NQ,natural_questions
1259,what is the name of tampa bay's mlb team,NQ,natural_questions
1260,when do amy and bernadette come into the big bang theory,NQ,natural_questions
1261,how long did it take to film nightmare before christmas,NQ,natural_questions
1262,the first civilization in asia formed along the and river valleys around bc,NQ,natural_questions
1263,highest number of national park in which state,NQ,natural_questions
1264,who acts as maddie in liv and maddie,NQ,natural_questions
1265,who won the michigan ohio state game in 2006,NQ,natural_questions
1266,when will the ballon d'or 2017 winner be announced,NQ,natural_questions
1267,where did gina rodriguez go to high school,NQ,natural_questions
1268,who played face on the a team movie,NQ,natural_questions
1269,what is the current edition of the united states code,NQ,natural_questions
1270,when was the last time the green bay packers were in the super bowl,NQ,natural_questions
1271,when did the blue jays win world series,NQ,natural_questions
1272,when did the eagles last win the superbowl,NQ,natural_questions
1273,what is the terminal part of the small intestine,NQ,natural_questions
1274,who co-starred with burt reynolds in smokey and the bandit,NQ,natural_questions
1275,how many episodes in season 7 of voyager,NQ,natural_questions
1276,where does can't buy me love take place,NQ,natural_questions
1277,who played young indiana jones in last crusade,NQ,natural_questions
1278,who plays oliver queen's father in arrow,NQ,natural_questions
1279,when did india win the cricket world cup,NQ,natural_questions
1280,cast of two guys a girl and a pizza shop,NQ,natural_questions
1281,where is the rugby league world cup held,NQ,natural_questions
1282,where do the control units instructions come from,NQ,natural_questions
1283,name the right bank and the left bank tributaries of ganga,NQ,natural_questions
1284,shameless us season 8 episode 3 release date,NQ,natural_questions
1285,who sings the country version of i swear,NQ,natural_questions
1286,when did deion sanders play for the cowboys,NQ,natural_questions
1287,when was the last castle built in england,NQ,natural_questions
1288,what is the divider in the middle of the street called,NQ,natural_questions
1289,where did the beatles started their career as a band,NQ,natural_questions
1290,where do tornadoes most commonly occur in the us,NQ,natural_questions
1291,who is the best female rapper in usa,NQ,natural_questions
1292,what was the last year honda element was made,NQ,natural_questions
1293,who won season 16 of america's next top model,NQ,natural_questions
1294,who wrote rock me gently rock me slowly,NQ,natural_questions
1295,what disease is caused by bacterium treponema pallidum,NQ,natural_questions
1296,who had the worlds largest economy in 2014,NQ,natural_questions
1297,which country is bali an island and province of,NQ,natural_questions
1298,where is the femur located on the body,NQ,natural_questions
1299,who is the founder of byju's app,NQ,natural_questions
1300,when does tamar and vince season 5 start,NQ,natural_questions
1301,at what age can you buy a rifle in texas,NQ,natural_questions
1302,who dies in the movie pay it forward,NQ,natural_questions
1303,what year did pluto become a dwarf planet,NQ,natural_questions
1304,when was the first personal computer sold to the public,NQ,natural_questions
1305,when did service tax rate change to 15,NQ,natural_questions
1306,who killed the girl in mystic river movie,NQ,natural_questions
1307,who is the actor that plays jorah mormont,NQ,natural_questions
1308,when did the construction of the burj khalifa end,NQ,natural_questions
1309,who played guitar on whitesnake still of the night,NQ,natural_questions
1310,who was the first black man to play in the nhl,NQ,natural_questions
1311,what does pjm stand for in pjm rhododendron,NQ,natural_questions
1312,when did kenny stop dying in south park,NQ,natural_questions
1313,who propounded the mutation theory of organic evolution,NQ,natural_questions
1314,who was the baby in breaking dawn part 2,NQ,natural_questions
1315,who sang the new scooby doo theme song,NQ,natural_questions
1316,where did panchayati raj in india first introduced in 1959,NQ,natural_questions
1317,what is the name of the song napoleon dynamite dances to,NQ,natural_questions
1318,who sings the original we wish you a merry christmas,NQ,natural_questions
1319,who played john paul getty in all the money in the world,NQ,natural_questions
1320,when did foster care start in the uk,NQ,natural_questions
1321,who sang you'll be back in hamilton,NQ,natural_questions
1322,who is the owner of big bazaar in india,NQ,natural_questions
1323,who is the author of crime and punishment,NQ,natural_questions
1324,who did the special effects for the fly,NQ,natural_questions
1325,flight that went down in the hudson river,NQ,natural_questions
1326,what book in the bible comes after john,NQ,natural_questions
1327,how many different types of daylilies are there,NQ,natural_questions
1328,when did russia stop using the julian calendar,NQ,natural_questions
1329,who falls out of the helicopter in black hawk down,NQ,natural_questions
1330,which military action led to us boycott the 1980 olympics,NQ,natural_questions
1331,when was sing something simple on the radio,NQ,natural_questions
1332,who won the battle of the seven oaks,NQ,natural_questions
1333,when does season 5 of the blacklist return,NQ,natural_questions
1334,who has magical glasses in a wrinkle in time,NQ,natural_questions
1335,when did hurricane maria make land fall on puerto rico,NQ,natural_questions
1336,what does the o in o town stand for,NQ,natural_questions
1337,who was the president during cuban missle crisis,NQ,natural_questions
1338,who is credited with starting the methodist church,NQ,natural_questions
1339,where did they film the witches of eastwick,NQ,natural_questions
1340,who won the premier league 3 years ago,NQ,natural_questions
1341,where does say yes to the dress take place,NQ,natural_questions
1342,what was the strongest hurricane to hit long island,NQ,natural_questions
1343,stranger things season 2 episode 1 release time,NQ,natural_questions
1344,how many goals have liverpool scored in the league this season,NQ,natural_questions
1345,who wins season 1 zumbo's just desserts,NQ,natural_questions
1346,who did janet jackson play on good times,NQ,natural_questions
1347,who played in the odd couple on broadway,NQ,natural_questions
1348,who does lucky's voice on king of the hill,NQ,natural_questions
1349,who sang i'll make a man out of you,NQ,natural_questions
1350,what is the name of the infinity stone in doctor strange,NQ,natural_questions
1351,how old was george blanda in his last game,NQ,natural_questions
1352,who wrote the message on the statue of liberty,NQ,natural_questions
1353,who does adrianna end up with in 90210,NQ,natural_questions
1354,what region of the world is greece in,NQ,natural_questions
1355,when did they start drafting for the vietnam war,NQ,natural_questions
1356,when was the worst earthquake in san francisco,NQ,natural_questions
1357,who was the dragon in once upon a time,NQ,natural_questions
1358,when did the british east india company take over india,NQ,natural_questions
1359,what day does grey's anatomy air in america,NQ,natural_questions
1360,who says hakuna matata in the lion king,NQ,natural_questions
1361,where is the show lost in space filmed,NQ,natural_questions
1362,only indian state whose population has decreased as compared to census 2001 in 2011,NQ,natural_questions
1363,where does most star formation take place in the milky way,NQ,natural_questions
1364,when is the next tokyo ghoul episode coming out,NQ,natural_questions
1365,when was the first hdb flat built in singapore,NQ,natural_questions
1366,who selects georgia's state superintendent of schools,NQ,natural_questions
1367,who is next in line for the throne in london,NQ,natural_questions
1368,the kapil sharma show actress lottery real name,NQ,natural_questions
1369,when does the demi lovato album come out,NQ,natural_questions
1370,list of how to train your dragon movies,NQ,natural_questions
1371,who sings somewhere over the rainbow in you've got mail,NQ,natural_questions
1372,when was the last time the volcano erupted in tenerife,NQ,natural_questions
1373,who played the leading role of a stranded astronaut in the 2015 film the martian,NQ,natural_questions
1374,what are the qualifications for the president according to the constitution,NQ,natural_questions
1375,who played young tom riddle in the chamber of secrets,NQ,natural_questions
1376,when did bruno mars just the way you are come out,NQ,natural_questions
1377,the uss arizona is on what hawaiian island,NQ,natural_questions
1378,what are the two largest cities in africa,NQ,natural_questions
1379,where does iowa rank in wind energy production,NQ,natural_questions
1380,who plays the grown up brahms in the boy,NQ,natural_questions
1381,who was the main person that introduced the social contract theory of government,NQ,natural_questions
1382,when did the canon 7d mark ii come out,NQ,natural_questions
1383,citrus fruit named after a city in morocco,NQ,natural_questions
1384,what is the lining of the medullary cavity called,NQ,natural_questions
1385,when does the era of good feelings end,NQ,natural_questions
1386,what rank is a squad leader in the marines,NQ,natural_questions
1387,where do plasma cells come from and what is their function,NQ,natural_questions
1388,who has the highest corporate tax in the world,NQ,natural_questions
1389,who has the most quadruple doubles in nba history,NQ,natural_questions
1390,who is the heisman trophy award named after,NQ,natural_questions
1391,sharp pain in right side when taking deep breath,NQ,natural_questions
1392,who won season 9 of americas got talent,NQ,natural_questions
1393,the first unix operating system was written in which language,NQ,natural_questions
1394,when did the texas chainsaw massacre come out,NQ,natural_questions
1395,where does pepsin work in the digestive system,NQ,natural_questions
1396,where is hydrochloric acid found in the digestive system,NQ,natural_questions
1397,when was the first drunk driving law passed,NQ,natural_questions
1398,where did the bobo doll experiment take place,NQ,natural_questions
1399,what was van halen's original band name,NQ,natural_questions
1400,who was the pm when the report of mandal commission was initially implemented,NQ,natural_questions
1401,when did the song body like a backroad come out,NQ,natural_questions
1402,what american has won the most winter olympic gold medals,NQ,natural_questions
1403,who kills the queen in game of thrones,NQ,natural_questions
1404,what number is snorlax on the national pokedex,NQ,natural_questions
1405,how many wild card teams make the nfl playoffs,NQ,natural_questions
1406,what do you call the big red buses in london,NQ,natural_questions
1407,when should the pledge of allegiance be recited,NQ,natural_questions
1408,when did cant take my eyes off of you come out,NQ,natural_questions
1409,how many digits is a social security number,NQ,natural_questions
1410,dude wheres my car what are they looking for,NQ,natural_questions
1411,who played lois lane in the original superman movie,NQ,natural_questions
1412,when did night at the roxbury come out,NQ,natural_questions
1413,where did they film chitty chitty bang bang,NQ,natural_questions
1414,who holds the power to increase the number of judges in the supreme court,NQ,natural_questions
1415,where do you go to get a bachelor's degree,NQ,natural_questions
1416,when was the constitution of united states written,NQ,natural_questions
1417,when was the first captain america comic made,NQ,natural_questions
1418,who plays brody on one life to live,NQ,natural_questions
1419,2018 stanley cup playoffs best of 5 or 7,NQ,natural_questions
1420,where does iron fist take place in new york,NQ,natural_questions
1421,who wrote the book of nehemiah in the old testament,NQ,natural_questions
1422,who got murdered in fast and furious 4,NQ,natural_questions
1423,how many games are in a premiership season,NQ,natural_questions
1424,what type of book is the glass castle,NQ,natural_questions
1425,who sang the song can't live if living is without you,NQ,natural_questions
1426,who wrote the song in school of rock,NQ,natural_questions
1427,who does donna end up with mamma mia 1,NQ,natural_questions
1428,where was the movie journey to the center of the earth filmed,NQ,natural_questions
1429,what is the purpose of egg wash in baking,NQ,natural_questions
1430,number of books in the library of babel,NQ,natural_questions
1431,who plays john rayburn's wife in bloodline,NQ,natural_questions
1432,. who created the plan that became know as the great compromise,NQ,natural_questions
1433,when does the show cloak and dagger start,NQ,natural_questions
1434,when did the scottish wars of independence start,NQ,natural_questions
1435,who played the blind girl in fantastic four,NQ,natural_questions
1436,who won season 2 of the world of dance,NQ,natural_questions
1437,who was the first person to suggest that light is an electromagnetic wave,NQ,natural_questions
1438,who plays max in secret life of pets,NQ,natural_questions
1439,what was the last episode of henry danger,NQ,natural_questions
1440,what does the down arrow mean on keyboard,NQ,natural_questions
1441,when did the dell optiplex 780 come out,NQ,natural_questions
1442,what is the primary language in the bahamas,NQ,natural_questions
1443,who played ned stark's wife in game of thrones,NQ,natural_questions
1444,when was disney beauty and the beast first released,NQ,natural_questions
1445,who wrote it's the end of the world as we know it,NQ,natural_questions
1446,when did american bandstand go off the air,NQ,natural_questions
1447,when did the milwaukee bucks win the nba championship,NQ,natural_questions
1448,who played the widow in mission impossible fallout,NQ,natural_questions
1449,when is vikings season 5 part 2 starting,NQ,natural_questions
1450,who sings the opening song of rocky horror,NQ,natural_questions
1451,who has the most super bowls as a player,NQ,natural_questions
1452,when was the song don't stop believing made,NQ,natural_questions
1453,what is the name of border between india and pakistan in 1947,NQ,natural_questions
1454,who played the lead role in seinfeld on nbc until it ended in 1998,NQ,natural_questions
1455,who makes up the chorus in oedipus the king,NQ,natural_questions
1456,juhu beach is in which area of mumbai,NQ,natural_questions
1457,when did nigeria become a member of oic,NQ,natural_questions
1458,are specialized cells in the skin which produce melanin,NQ,natural_questions
1459,donkey kong country tropical freeze switch release date,NQ,natural_questions
1460,what principle of chinese government allowed a revolution to overthrow and replace a corrupt ruler,NQ,natural_questions
1461,who played george gershwin in rhapsody in blue,NQ,natural_questions
1462,who led the crew that cut through the cumberland gap,NQ,natural_questions
1463,when is ariana grande's new album sweetener coming out,NQ,natural_questions
1464,who killed laura palmer in original twin peaks,NQ,natural_questions
1465,what type of equation includes the quantity of energy released or absorbed during the reaction,NQ,natural_questions
1466,who plays leslie winkle on the big bang theory,NQ,natural_questions
1467,what is ketchup and mayo mixed together called,NQ,natural_questions
1468,who did lin manuel miranda play in hamilton,NQ,natural_questions
1469,when is jute plant cut to obtain fibre,NQ,natural_questions
1470,what is the top layer of concrete called,NQ,natural_questions
1471,what team has the longest winning streak in nba,NQ,natural_questions
1472,who sings the song i hear you knocking,NQ,natural_questions
1473,where was the dictator of north korea educated,NQ,natural_questions
1474,who plays fernando's brother in mamma mia,NQ,natural_questions
1475,where did the term saved by the bell originate,NQ,natural_questions
1476,where is the bbc show happy valley filmed,NQ,natural_questions
1477,for which group did michael jackson perform as a child star,NQ,natural_questions
1478,who became the president of poland in 1990,NQ,natural_questions
1479,when did o canada became the official national anthem,NQ,natural_questions
1480,when did oregon becomes first state to pass initiative referendum laws,NQ,natural_questions
1481,who wrote the book of the new testament,NQ,natural_questions
1482,when did hungary open its borders with austria,NQ,natural_questions
1483,who is present deputy speaker of the karnataka legislative assembly,NQ,natural_questions
1484,how many episodes to season 3 of outlander,NQ,natural_questions
1485,when does home and away start on channel 7,NQ,natural_questions
1486,who plays donna tubbs on the cleveland show,NQ,natural_questions
1487,who voices the dad in phineas and ferb,NQ,natural_questions
1488,who wrote long as i live toni braxton,NQ,natural_questions
1489,when did belly-dance become popular in the us,NQ,natural_questions
1490,where is the genetic material of bacterium found,NQ,natural_questions
1491,who voiced king louie in the original jungle book,NQ,natural_questions
1492,where is the lost city of petra located,NQ,natural_questions
1493,when did im a celebrity get me out of here start,NQ,natural_questions
1494,who organized the original creole orchestra in los angeles,NQ,natural_questions
1495,when was the last time england was in the quarter finals of the world cup,NQ,natural_questions
1496,what type of music does the weekend make,NQ,natural_questions
1497,when did star wars clone wars come out,NQ,natural_questions
1498,when is america's got talent final show 2017,NQ,natural_questions
1499,when did jk rowling write her first book,NQ,natural_questions
1500,who is the lead singer in five finger death punch,NQ,natural_questions
1501,where is the number 6 cylinder on a ford v8,NQ,natural_questions
1502,when did the nissan leaf first come out,NQ,natural_questions
1503,who narrated the old man and the sea,NQ,natural_questions
1504,how many passing yards does aaron rodgers have in his career,NQ,natural_questions
1505,who played ej dimera on days of our lives,NQ,natural_questions
1506,who shot first in the original star wars a new hope,NQ,natural_questions
1507,what are the main sections within iso 9001,NQ,natural_questions
1508,what order do the air bud movies go in,NQ,natural_questions
1509,what does it mean to be the most valuable player,NQ,natural_questions
1510,when did so sick by neyo come out,NQ,natural_questions
1511,who played churchill's wife in the crown,NQ,natural_questions
1512,what is the name of hen's house,NQ,natural_questions
1513,who played carol brady on days of our lives,NQ,natural_questions
1514,how many checkpoints are in the cell cycle,NQ,natural_questions
1515,who is macbeth fighting in the beginning of the play,NQ,natural_questions
1516,who is going to host the world cup 2018,NQ,natural_questions
1517,when did the sf giants leave new york,NQ,natural_questions
1518,who sang the original version of do you hear what i hear,NQ,natural_questions
1519,when was the first tom and jerry aired,NQ,natural_questions
1520,last time the lakers were in the playoffs,NQ,natural_questions
1521,where does the last name tobar come from,NQ,natural_questions
1522,when was the last game of thrones book published,NQ,natural_questions
1523,actress who played ruth in fried green tomatoes,NQ,natural_questions
1524,who won rookie of the year in 2014,NQ,natural_questions
1525,who is highest odi run scorer in cricket,NQ,natural_questions
1526,who is awarded the best actress in the 65th national awards,NQ,natural_questions
1527,who came up with the basis of modern atomic theory,NQ,natural_questions
1528,who was the ex-officio chairman of the rajya sabha,NQ,natural_questions
1529,number of pages in harry potter and the philosopher stone,NQ,natural_questions
1530,case where supreme court issued a writ of certiorari,NQ,natural_questions
1531,who does marshall end up with in how i met your mother,NQ,natural_questions
1532,who plays jackie sharp on house of cards,NQ,natural_questions
1533,when did the catholic church change the nicene creed,NQ,natural_questions
1534,who is the place kicker for the baltimore ravens,NQ,natural_questions
1535,how many national championships do the georgia bulldogs have,NQ,natural_questions
1536,expedition unknown season 4 episode 10 air date,NQ,natural_questions
1537,when does the new linkin park cd come out,NQ,natural_questions
1538,how many cards are dealt out in phase 10,NQ,natural_questions
1539,how many times has australia hosted the commenwealth games,NQ,natural_questions
1540,who played the world's heaviest man in the greatest showman,NQ,natural_questions
1541,what part of your brain controls fight or flight,NQ,natural_questions
1542,what is another term for a demilitarized zone (dmz),NQ,natural_questions
1543,who developed his approach to personality based on the reticular activation system,NQ,natural_questions
1544,where does 12 years a slave take place,NQ,natural_questions
1545,what part of the brain is memory affected by alcohol,NQ,natural_questions
1546,who is the show love is based off of,NQ,natural_questions
1547,who made up the central powers in world war 1,NQ,natural_questions
1548,when does haley get killed in criminal minds,NQ,natural_questions
1549,who are the family members on chrisley knows best,NQ,natural_questions
1550,how much does it cost to be an augusta member,NQ,natural_questions
1551,how many floors does trump tower chicago have,NQ,natural_questions
1552,who won the skeleton in the 2018 olympics,NQ,natural_questions
1553,who narrates the prologue in beauty and the beast,NQ,natural_questions
1554,when was the simon commission came to india,NQ,natural_questions
1555,when was earth day celebrated around the world,NQ,natural_questions
1556,how many eleanor cars were used in gone in 60 seconds,NQ,natural_questions
1557,when did the brown vs board of education end,NQ,natural_questions
1558,when did the three pence go out of circulation,NQ,natural_questions
1559,who claimed to have discovered an iron law of oligarchy,NQ,natural_questions
1560,who plays miles morales in ultimate spider man,NQ,natural_questions
1561,how many episode is ruler master of the mask,NQ,natural_questions
1562,what is the most famous part of the sistine chapel,NQ,natural_questions
1563,who plays dr shepherd on grey's anatomy,NQ,natural_questions
1564,who played young martha may in the grinch,NQ,natural_questions
1565,who lived in the western part of the land claimed by the colony of georgia,NQ,natural_questions
1566,memory associated with recall of events from the past is,NQ,natural_questions
1567,what's the beast called in beauty and the beast,NQ,natural_questions
1568,who did the miami dolphins play in the 1972 super bowl,NQ,natural_questions
1569,when does dragon ball super episode 130 start,NQ,natural_questions
1570,who has the most wooden spoons in the afl,NQ,natural_questions
1571,when was the roof put on centre court at wimbledon,NQ,natural_questions
1572,name of the capital of jammu and kashmir,NQ,natural_questions
1573,when did the last episode of westworld air,NQ,natural_questions
1574,who played the mom in the original parent trap,NQ,natural_questions
1575,who does the voice of cogsworth in the new beauty and the beast,NQ,natural_questions
1576,when did the national anthem became our national anthem,NQ,natural_questions
1577,when did the first season of 13 reasons why come out,NQ,natural_questions
1578,how many episodes of jane the virgin is there,NQ,natural_questions
1579,who gets vivien pregnant in american horror story,NQ,natural_questions
1580,who founded the church of jesus christ of the latter day saints quizlet,NQ,natural_questions
1581,what city is in the center of the us,NQ,natural_questions
1582,when was the last time the death penalty was used in the us,NQ,natural_questions
1583,who is a person that borrows money or capital,NQ,natural_questions
1584,average number of words read in a minute,NQ,natural_questions
1585,port blair is in which part of andaman,NQ,natural_questions
1586,who sang the song cotton fields back home,NQ,natural_questions
1587,at what age can you buy alcohol in usa,NQ,natural_questions
1588,when did national conventions begin in american politics,NQ,natural_questions
1589,where is the serengeti plain located in africa,NQ,natural_questions
1590,who presided over the era of good feelings,NQ,natural_questions
1591,what is the name of the dog on the simpsons,NQ,natural_questions
1592,when is the new mamma mia film coming out,NQ,natural_questions
1593,where is the gold cup played this year,NQ,natural_questions
1594,when is fpj ang probinsyano going to end,NQ,natural_questions
1595,what is the visa on arrival fee in thailand,NQ,natural_questions
1596,what is the most visited location in the world,NQ,natural_questions
1597,when was national technical institute for the deaf established,NQ,natural_questions
1598,what does cinco de mayo mean in mexico,NQ,natural_questions
1599,when did nypd blue go off the air,NQ,natural_questions
1600,what are the remote and immediate causes of nigerian civil war,NQ,natural_questions
1601,do us citizens need a visa for malawi,NQ,natural_questions
1602,who won between the packers and the bears,NQ,natural_questions
1603,who has the most mlb wins in a row,NQ,natural_questions
1604,what is the dogs name from beauty and the beast,NQ,natural_questions
1605,when did the texas rangers go to the world series,NQ,natural_questions
1606,who has won the most soccer world cups,NQ,natural_questions
1607,what is used to measure the speed of a stream,NQ,natural_questions
1608,when did in real life become a band,NQ,natural_questions
1609,what is the average age a yorkshire terrier lives,NQ,natural_questions
1610,where does the saying bless you come from,NQ,natural_questions
1611,who sings up the ladder to the roof,NQ,natural_questions
1612,who is the mayor of saint john nb,NQ,natural_questions
1613,who was the co host of american idol,NQ,natural_questions
1614,where does the source of political power in missouri lie,NQ,natural_questions
1615,where did the name gilded age come from,NQ,natural_questions
1616,when did the kit kat bar come out,NQ,natural_questions
1617,who does cameron boyce play on jake and the neverland pirates,NQ,natural_questions
1618,where did the new york giants first play,NQ,natural_questions
1619,who owns the time bandit on deadliest catch,NQ,natural_questions
1620,when did the movie white chicks come out,NQ,natural_questions
1621,who was the actor that played oliver twist,NQ,natural_questions
1622,how many admirals does the us navy have,NQ,natural_questions
1623,lucy's best friend on i love lucy,NQ,natural_questions
1624,who was the first to play peter pan,NQ,natural_questions
1625,who plays malcolm from malcolm in the middle,NQ,natural_questions
1626,who took most wickets in champions trophy 2017,NQ,natural_questions
1627,when was the draft of the national assembly constitution completed,NQ,natural_questions
1628,when was the rank of chief petty officer established,NQ,natural_questions
1629,who plays quita on the haves and the have nots,NQ,natural_questions
1630,who played girl max in wizards of waverly place,NQ,natural_questions
1631,who sang the national anthem at super bowl this year,NQ,natural_questions
1632,what type of projection is the robinson projection,NQ,natural_questions
1633,who decide a bill is a money bill,NQ,natural_questions
1634,what is richard's last name in tommy boy,NQ,natural_questions
1635,what is the main source of energy for wind currents on earth,NQ,natural_questions
1636,who won the epl player of the month august 2017,NQ,natural_questions
1637,which treaty gave the united states access to the mississippi river and new orleans for trade,NQ,natural_questions
1638,lucknow congress session 1916 was presided over by—,NQ,natural_questions
1639,when did france give the statue of liberty to the us,NQ,natural_questions
1640,how old was rooney when he first played for england,NQ,natural_questions
1641,when was cinderella written by the grimm brothers,NQ,natural_questions
1642,where is the duodenum located in the human body,NQ,natural_questions
1643,when was the last time sunderland were relegated,NQ,natural_questions
1644,when did the sabbath day change to sunday,NQ,natural_questions
1645,first us president to fly in an airplane,NQ,natural_questions
1646,where are most villi found in the digestive system,NQ,natural_questions
1647,what is the population of victoria in 2017,NQ,natural_questions
1648,how many seasons of quantum leap are there,NQ,natural_questions
1649,how many episodes are in season 2 of lucifer,NQ,natural_questions
1650,when did alcohol become legal in the united states,NQ,natural_questions
1651,where does 0 latitude and 0 longitude meet,NQ,natural_questions
1652,who went to the wall with jon snow,NQ,natural_questions
1653,what is the last year pontiac made cars,NQ,natural_questions
1654,what is indian air force rank in the world,NQ,natural_questions
1655,presidents of the fifth republic of the philippines,NQ,natural_questions
1656,what cat was charlie when it hit florida,NQ,natural_questions
1657,who sang i can make you feel good,NQ,natural_questions
1658,who is the singing car in cars 3,NQ,natural_questions
1659,who played murray's wife on the mary tyler moore show,NQ,natural_questions
1660,who plays snow white in the huntsman winter's war,NQ,natural_questions
1661,when does episode 2 of season 5 of the 100 come out,NQ,natural_questions
1662,when was the last time alabama played in the rose bowl,NQ,natural_questions
1663,when was the last time england made the quarter final world cup,NQ,natural_questions
1664,when did the new season of westworld start,NQ,natural_questions
1665,sajan re jhoot mat bolo main actress name,NQ,natural_questions
1666,where did something old new borrowed blue come from,NQ,natural_questions
1667,who is our current president of the senate,NQ,natural_questions
1668,who plays peter's cousin in hemlock grove,NQ,natural_questions
1669,who is the girl in the movie labyrinth,NQ,natural_questions
1670,who controlled poland after the congress of vienna,NQ,natural_questions
1671,material that is weathered to become the mineral part of the soil,NQ,natural_questions
1672,when will love yourself answer be released on itunes,NQ,natural_questions
1673,when did the south china sea conflict start,NQ,natural_questions
1674,how many episodes in little house on the prairie season 9,NQ,natural_questions
1675,when did they start wearing helmets in baseball,NQ,natural_questions
1676,where is the army navy game played in philadelphia,NQ,natural_questions
1677,who was the last person in the uk to be executed,NQ,natural_questions
1678,the first bottling agreement with coca-cola took place in which city,NQ,natural_questions
1679,where was the peace treaty signed for ww1,NQ,natural_questions
1680,who played casey jones in the original ninja turtles movie,NQ,natural_questions
1681,who do you play as in kingdom hearts 2,NQ,natural_questions
1682,how many binary numbers can be created by no more than 4 digits,NQ,natural_questions
1683,who invented the worlds first bag less vacuum cleaner,NQ,natural_questions
1684,who is the current forest minister of punjab,NQ,natural_questions
1685,when did japan give washington dc the cherry trees,NQ,natural_questions
1686,when is the last time the browns won a football game,NQ,natural_questions
1687,when did new york became a part of the united states,NQ,natural_questions
1688,who pitched a no-hitter in the 1956 world series,NQ,natural_questions
1689,who are the hosts of that's incredible,NQ,natural_questions
1690,who's performing at the radio disney music awards 2018,NQ,natural_questions
1691,when does the han solo film come out,NQ,natural_questions
1692,where is the tv show the arrow filmed,NQ,natural_questions
1693,when did they stop making light brown m&m,NQ,natural_questions
1694,who won the halloween baking championship in 2017,NQ,natural_questions
1695,who discovered the center of the milky way galaxy,NQ,natural_questions
1696,who was known for a policy of blood and iron,NQ,natural_questions
1697,where in the east did the magi come from,NQ,natural_questions
1698,who voiced jack frost in rise of the guardians,NQ,natural_questions
1699,who win the under 17 fifa world cup,NQ,natural_questions
1700,what’s canada’s multicultural identity described as,NQ,natural_questions
1701,an advanced weather data measurement tool that sends out radio waves is called a(n),NQ,natural_questions
1702,who was the first writer of fiction in indian english literature,NQ,natural_questions
1703,what is meat tenderizer and what does it do,NQ,natural_questions
1704,who was the girl that played in flashdance,NQ,natural_questions
1705,who won the presidential election in france recently,NQ,natural_questions
1706,who sang sister mary robert in sister act,NQ,natural_questions
1707,who holds the nfl record for most rushing yards in a season,NQ,natural_questions
1708,when does the new diary of a wimpy kid movie come out on dvd,NQ,natural_questions
1709,who brings gulliver back to the world of humans,NQ,natural_questions
1710,who sings the song when will i be loved,NQ,natural_questions
1711,when was the name seventh day adventist adopted,NQ,natural_questions
1712,when did mitsubishi stop making cars in australia,NQ,natural_questions
1713,who plays jimmy linda's brother on blue bloods,NQ,natural_questions
1714,when did the first jawed fish appear on earth,NQ,natural_questions
1715,1 week is equal to how many days,NQ,natural_questions
1716,what is the gold by manchester orchestra about,NQ,natural_questions
1717,when did this girl is on fire come out,NQ,natural_questions
1718,when did the first touchscreen iphone come out,NQ,natural_questions
1719,when was the samsung gear fit 2 released,NQ,natural_questions
1720,who was chasing the dog at the beginning of the thing,NQ,natural_questions
1721,how many members in supreme court of india,NQ,natural_questions
1722,what great lake did the edmund fitzgerald sank,NQ,natural_questions
1723,jerry seinfeld jason alexander comedians in cars getting coffee,NQ,natural_questions
1724,where does a sydney funnel web spider live,NQ,natural_questions
1725,what is the largest river in new york,NQ,natural_questions
1726,who plays mimi on the drew carey show,NQ,natural_questions
1727,when does the arena football season start 2017,NQ,natural_questions
1728,where is the hearing center of the brain located,NQ,natural_questions
1729,when will star wars land be finished at disneyland,NQ,natural_questions
1730,when did america send troops to europe in world war 2,NQ,natural_questions
1731,the last episode of the haves and have nots,NQ,natural_questions
1732,where is california state university east bay located,NQ,natural_questions
1733,the battle of saratoga took place in what state,NQ,natural_questions
1734,input/output devices that enable users to communicate with computers are called,NQ,natural_questions
1735,who played the part of mr potts in chitty chitty bang bang,NQ,natural_questions
1736,when was buddhism introduced in sri lanka who introduced it,NQ,natural_questions
1737,what part of the bay area is oakland,NQ,natural_questions
1738,how many new zealand soldiers died in ww1,NQ,natural_questions
1739,who did dallas pick in the first round of the draft,NQ,natural_questions
1740,which minerals is abundant in the state of andhra pradesh,NQ,natural_questions
1741,what do u call a person with both male and female parts,NQ,natural_questions
1742,how many episodes of season 7 call the midwife,NQ,natural_questions
1743,who is the movie the vow based on,NQ,natural_questions
1744,when did the usa enter the vietnam war,NQ,natural_questions
1745,who wrote the first draft of the declaration of independance,NQ,natural_questions
1746,what is pepper's real name from iron man,NQ,natural_questions
1747,when did linkin parks last album come out,NQ,natural_questions
1748,who sanctioned oral rehydration salts (ors) recipe,NQ,natural_questions
1749,where did steph curry play college basketball at,NQ,natural_questions
1750,what was the number 1 song in august 2005,NQ,natural_questions
1751,when did phantom of the opera start on broadway,NQ,natural_questions
1752,when does the new season of legion come out,NQ,natural_questions
1753,where is gifford pinchot state park in pennsylvania,NQ,natural_questions
1754,what are the first 11 chapters of genesis called,NQ,natural_questions
1755,when did colorado become part of the united states,NQ,natural_questions
1756,what river was the movie maverick filmed on,NQ,natural_questions
1757,what are the up and down bits on a castle called,NQ,natural_questions
1758,who won the fair play award in football world cup 1986,NQ,natural_questions
1759,who sang please don't go in the 90's,NQ,natural_questions
1760,in what movie did the song white christmas make its debut,NQ,natural_questions
1761,who plays katie in how i met your mother,NQ,natural_questions
1762,who is the world's longest living person,NQ,natural_questions
1763,who wrote the song diamonds are a girl's best friend,NQ,natural_questions
1764,the video with the most views on youtube,NQ,natural_questions
1765,who is the host of lottery dream home,NQ,natural_questions
1766,where is live from daryl's house taped,NQ,natural_questions
1767,who said i'm late i'm late for a very important date,NQ,natural_questions
1768,where are the olfactory receptor neurons are located,NQ,natural_questions
1769,when does episode 18 of jane the virgin come out,NQ,natural_questions
1770,where is the biggest aquarium in the world located,NQ,natural_questions
1771,when does the game of thrones season 7 trailer come out,NQ,natural_questions
1772,where did the catcher in the rye take place,NQ,natural_questions
1773,when did the ball drop in new york start,NQ,natural_questions
1774,when was save the world released on pc,NQ,natural_questions
1775,who beat the cowboys in the playoffs last year,NQ,natural_questions
1776,who was the first to suggest that the earth moved around the sun,NQ,natural_questions
1777,how many judges are there in the united states supreme court,NQ,natural_questions
1778,original singer of hit me baby one more time,NQ,natural_questions
1779,where is black mirror season 4 crocodile filmed,NQ,natural_questions
1780,when was the last steam train used in the uk,NQ,natural_questions
1781,who scored the most points in a playoff game,NQ,natural_questions
1782,where is de beers located in south africa,NQ,natural_questions
1783,who wrote sitting on the dock of the bay lyrics,NQ,natural_questions
1784,when did the original iron man come out,NQ,natural_questions
1785,what was the official religion of the soviet union,NQ,natural_questions
1786,which film was the biggest box office hit of the 1960s,NQ,natural_questions
1787,who invented the first curling iron in 1872,NQ,natural_questions
1788,who is liam neeson in dark knight rises,NQ,natural_questions
1789,key west the most southern point in the continental us is in this state,NQ,natural_questions
1790,who singing national anthem at super bowl 2015,NQ,natural_questions
1791,how many seasons are there of america's got talent,NQ,natural_questions
1792,who was the first chief justice of the high court of kerala,NQ,natural_questions
1793,what character sings circle of life in the lion king,NQ,natural_questions
1794,when was the last time lake powell was full,NQ,natural_questions
1795,so you think you can dance india winner 2016,NQ,natural_questions
1796,who got the most rings in nba history,NQ,natural_questions
1797,who wrote the song you really got a hold on me,NQ,natural_questions
1798,how old do you have to be to buy tobacco in vermont,NQ,natural_questions
1799,who plays bo in the movie the star,NQ,natural_questions
1800,where did the center of the enlightenment take place,NQ,natural_questions
1801,when does the second spiderman movie come out,NQ,natural_questions
1802,what is the southern region of france called,NQ,natural_questions
1803,who played the borg queen in star trek voyager,NQ,natural_questions
1804,who makes i can't believe it's not butter,NQ,natural_questions
1805,who sings your a mean one mr. grinch,NQ,natural_questions
1806,season 7 game of thrones how many episodes,NQ,natural_questions
1807,when did the first android smart phone come out,NQ,natural_questions
1808,when was the last time the philadelphia flyers made the playoffs,NQ,natural_questions
1809,when did they start filming game of thrones,NQ,natural_questions
1810,who are the days of the week named for,NQ,natural_questions
1811,the united states census bureau collects data about,NQ,natural_questions
1812,who does tracy end up with in hairspray,NQ,natural_questions
1813,when is the last time a hurricane hit the west coast,NQ,natural_questions
1814,when did the first french settlers come to canada,NQ,natural_questions
1815,eastern most point in the continental united states,NQ,natural_questions
1816,first african country to play in fifa world cup,NQ,natural_questions
1817,who is the narrator in sarah and duck,NQ,natural_questions
1818,where did they film true memoirs of an international assassin,NQ,natural_questions
1819,ukraine starts liquidation of legendary aircraft manufacturer antonov,NQ,natural_questions
1820,how many games did barcelona play last season,NQ,natural_questions
1821,which are the salivary glands that are located anterior to the ears,NQ,natural_questions
1822,which class of the enzymes can be used to join two fragments of dna,NQ,natural_questions
1823,who won the 4th season of the voice,NQ,natural_questions
1824,who made the baseball hall of fame this year,NQ,natural_questions
1825,when was athens made the capital of greece,NQ,natural_questions
1826,where did the first blood transfusion take place,NQ,natural_questions
1827,time after time song was in what movie,NQ,natural_questions
1828,who owns most of the world oil supply,NQ,natural_questions
1829,when was the city of new york founded,NQ,natural_questions
1830,when did the song sorry miss jackson come out,NQ,natural_questions
1831,how to get a random page on wikipedia,NQ,natural_questions
1832,who plays henry in season 7 of once upon a time,NQ,natural_questions
1833,who is buried in the cathedral of sevilla,NQ,natural_questions
1834,when is episode 5 of batman coming out,NQ,natural_questions
1835,how many gates are there in the new jerusalem,NQ,natural_questions
1836,where does system of a down come from,NQ,natural_questions
1837,who was the first missing person on a milk carton,NQ,natural_questions
1838,who wrote the book are you my mother,NQ,natural_questions
1839,who played marco dane on one life to live,NQ,natural_questions
1840,when was the last time new zealand went to the world cup,NQ,natural_questions
1841,who voices batman in the lego batman movie,NQ,natural_questions
1842,when did 18 become the legal age of adulthood in uk,NQ,natural_questions
1843,when was the last time cowboys won superbowl,NQ,natural_questions
1844,who played meg on family guy in 1999,NQ,natural_questions
1845,where did the spanish american war of independence take place,NQ,natural_questions
1846,who is a in the tv show pretty little liars,NQ,natural_questions
1847,when does cod world war 2 beta end,NQ,natural_questions
1848,who was the greek god of the sky,NQ,natural_questions
1849,when did michael jordan change his number to 45,NQ,natural_questions
1850,who in the bible almost sacrificed his son,NQ,natural_questions
1851,when was the san francisco golden gate bridge built,NQ,natural_questions
1852,when did the green bay packers play in milwaukee,NQ,natural_questions
1853,who gets the least energy in a food chain,NQ,natural_questions
1854,according to the nursery rhyme what did the queen of hearts make on a summer's day,NQ,natural_questions
1855,when are the closing ceremonies for the olymics,NQ,natural_questions
1856,who does sookie end up with in true blood season 7,NQ,natural_questions
1857,who was the person that led the turnaround at the jamestown colony,NQ,natural_questions
1858,which driver converts jdbc calls directly into the vendor-specific database protocol,NQ,natural_questions
1859,who sang shine bright like a diamond first,NQ,natural_questions
1860,when did the nba change the playoff series,NQ,natural_questions
1861,where did they film the roy rogers show,NQ,natural_questions
1862,how many members are there in the straw hat pirates,NQ,natural_questions
1863,which term represents the maximum number of individuals an ecosystem can support,NQ,natural_questions
1864,who played harry bailey in it's a wonderful life,NQ,natural_questions
1865,where does the xbox 360 controller plug in,NQ,natural_questions
1866,where was the first non aligned summit held,NQ,natural_questions
1867,who won the women's final at wimbledon this year,NQ,natural_questions
1868,who plays frankie heck's dad on the middle,NQ,natural_questions
1869,who came up with the social control theory,NQ,natural_questions
1870,who has sold the most records all time,NQ,natural_questions
1871,who plays madame leota in the haunted mansion,NQ,natural_questions
1872,when did they make fast and furious 7,NQ,natural_questions
1873,when was the song to sir with love released,NQ,natural_questions
1874,who plays caesar in rise of the planet of the apes 2011,NQ,natural_questions
1875,when does grey's anatomy season 14 premiere,NQ,natural_questions
1876,who built the first train in the world,NQ,natural_questions
1877,who plays max on one day at a time netflix,NQ,natural_questions
1878,when did the british came to new zealand,NQ,natural_questions
1879,how did patty die in the blue lagoon,NQ,natural_questions
1880,what is the position of the third estate under the old regime,NQ,natural_questions
1881,what is the difference between tuba and sousaphone,NQ,natural_questions
1882,who used to play meg on family guy,NQ,natural_questions
1883,what song do they play on the guardians of the galaxy ride,NQ,natural_questions
1884,simba's mother's name in the lion king,NQ,natural_questions
1885,who is the girl dancing with pitbull in timber,NQ,natural_questions
1886,who is the present speaker of karnataka legislative assembly,NQ,natural_questions
1887,how long is the swim from cuba to florida,NQ,natural_questions
1888,during what dynasty did the chinese make explosives,NQ,natural_questions
1889,who plays becca in girlfriends guide to divorce,NQ,natural_questions
1890,how many episodes are there in how i met your mother,NQ,natural_questions
1891,stone monuments often collective tombs from europe's neolithic period are often referred to as,NQ,natural_questions
1892,who plays kimmy in the unbreakable kimmy schmidt,NQ,natural_questions
1893,who plays kol mikaelson in the vampire diaries,NQ,natural_questions
1894,what is it called when it goes from a solid to a gas,NQ,natural_questions
1895,what is the primary constituent of venus’s atmosphere,NQ,natural_questions
1896,who does the voice of death on family guy,NQ,natural_questions
1897,what team does the guy from shark tank own,NQ,natural_questions
1898,the spaceprobe that is currently orbiting saturn is called,NQ,natural_questions
1899,where did the influenza epidemic first occur in 1918,NQ,natural_questions
1900,who did celine dion sing beauty and the beast with,NQ,natural_questions
1901,what is the legal age for drinking in italy,NQ,natural_questions
1902,who invented the first stoke tiker in 1867,NQ,natural_questions
1903,who are the republican candidates running for governor in connecticut,NQ,natural_questions
1904,when is my mother said i never should set,NQ,natural_questions
1905,who does the voice of the cat in the hat,NQ,natural_questions
1906,when did the canadian charter of rights and freedoms become part of the canadian constitution,NQ,natural_questions
1907,where was the material that was eroded by the colorado river deposited,NQ,natural_questions
1908,what years did jeep make a diesel grand cherokee,NQ,natural_questions
1909,the reciprocal (inverse) of the period of oscillation is,NQ,natural_questions
1910,who was born by two different mothers in mahabharata,NQ,natural_questions
1911,where do they grow cranberries in the united states,NQ,natural_questions
1912,how deep is the deepest lake in canada,NQ,natural_questions
1913,where is o brother where art thou set,NQ,natural_questions
1914,when did the battle of iwo jima end,NQ,natural_questions
1915,when are the opening ceremonies for the winter olympics,NQ,natural_questions
1916,when was the first book banned in the united states,NQ,natural_questions
1917,who wrote the book of 1&2 kings,NQ,natural_questions
1918,what nervous system disorder occurs when lesions form on the cerebral cortex causing dementia,NQ,natural_questions
1919,who is the nets all time leading scorer,NQ,natural_questions
1920,who were the two opposing sides in the american revolution,NQ,natural_questions
1921,who won last season of the voice coach,NQ,natural_questions
1922,who says you've got a friend in me,NQ,natural_questions
1923,when were health warnings put on cigarette packets,NQ,natural_questions
1924,which figure in the pan-african movement organized the first pan-african conference in 1900,NQ,natural_questions
1925,what was the name of the first atomic bomb dropped on japan,NQ,natural_questions
1926,who plays andy bernard in the american version of the office,NQ,natural_questions
1927,who did new hampshire vote for in 2016,NQ,natural_questions
1928,how many steps in world health organization pain ladder,NQ,natural_questions
1929,how long is the fifty shades darker movie,NQ,natural_questions
1930,when was the last time the colorado rockies won the world series,NQ,natural_questions
1931,what do they put on bulls to make them buck,NQ,natural_questions
1932,health and social care in the community abbreviation,NQ,natural_questions
1933,who is alex on law and order svu,NQ,natural_questions
1934,who plays chloe valentine in be more chill,NQ,natural_questions
1935,how many languages are recognised by indian constitution,NQ,natural_questions
1936,what character did josh brolin play in goonies,NQ,natural_questions
1937,who was the singing voice of elsa in frozen,NQ,natural_questions
1938,who is hannah married to in the bible,NQ,natural_questions
1939,who negotiated to have the french help the colonists,NQ,natural_questions
1940,who won bbc sports personality of the year award,NQ,natural_questions
1941,what does the t in disney's epcot mean,NQ,natural_questions
1942,how many miles is the mexican border to the united states,NQ,natural_questions
1943,the physical part of a computer are called,NQ,natural_questions
1944,when were $1 coins introduced in australia,NQ,natural_questions
1945,who wrote heaven's gate fall out boy,NQ,natural_questions
1946,who wrote ain't no sunshine when you're gone,NQ,natural_questions
1947,when did australia go to egypt in ww1,NQ,natural_questions
1948,who played the part of the homeless person who came to live with siblings mike carol ben and chrissy,NQ,natural_questions
1949,how many seasons of marco polo will there be,NQ,natural_questions
1950,when is the next icc cricket t20 world cup,NQ,natural_questions
1951,who wrote the score for mission impossible fallout,NQ,natural_questions
1952,who was the woman that died at chappaquiddick,NQ,natural_questions
1953,where is lady and the tramp take place,NQ,natural_questions
1954,who is the current leader of the philippines,NQ,natural_questions
1955,what is the meaning of d in cameras,NQ,natural_questions
1956,who starred in the movie against all odds,NQ,natural_questions
1957,who is the owner of joseph a banks,NQ,natural_questions
1958,when did the black death start in the uk,NQ,natural_questions
1959,what is the weight of the air on the earth's surface called,NQ,natural_questions
1960,where does texas economy rank in the world,NQ,natural_questions
1961,what type of photography did edward weston do,NQ,natural_questions
1962,what kind of tobacco is in american spirits,NQ,natural_questions
1963,when did harry potter and the half blood prince book come out,NQ,natural_questions
1964,who sang killing me softly with his song first,NQ,natural_questions
1965,when did the movie the commuter come out,NQ,natural_questions
1966,who plays malekith in thor the dark world,NQ,natural_questions
1967,who played in the first monday night nfl game,NQ,natural_questions
1968,how many local government area are there in abuja,NQ,natural_questions
1969,what term is used to describe something that is useful and provide satisfaction,NQ,natural_questions
1970,where did the movie the grey take place,NQ,natural_questions
1971,who designed the oldest high court of india,NQ,natural_questions
1972,who sang lead vocal on one of these nights,NQ,natural_questions
1973,when did the wwe hall of fame start,NQ,natural_questions
1974,at which university was the very first psychology research laboratory established,NQ,natural_questions
1975,who wrote music for the good the bad and the ugly,NQ,natural_questions
1976,who wrote dont it make my brown eyes blue,NQ,natural_questions
1977,when was the last time the spurs were swept,NQ,natural_questions
1978,where was the us pacific fleet based in 1941,NQ,natural_questions
1979,who played robbie douglas wife on my three sons,NQ,natural_questions
1980,what number does the bars of tres zapotes represent,NQ,natural_questions
1981,who publishes the cpt manual for procedure codes,NQ,natural_questions
1982,who has won the barclays premier league the most times,NQ,natural_questions
1983,when was the last time a tornado hit houston,NQ,natural_questions
1984,when's the next episode of steven universe coming out,NQ,natural_questions
1985,who sang it's the same old song,NQ,natural_questions
1986,what place in australia has the record for the wettest year,NQ,natural_questions
1987,when did hong kong became independent from britain,NQ,natural_questions
1988,who won america's got talent in 2016,NQ,natural_questions
1989,why isn't there a bridge between england and france,NQ,natural_questions
1990,when did they start putting parental advisory stickers on cds,NQ,natural_questions
1991,off balance sheet items for credit risk assessment,NQ,natural_questions
1992,obesity is defined as having a bmi greater than or equal to,NQ,natural_questions
1993,nhl teams that have never made the stanley cup finals,NQ,natural_questions
1994,who does lucy jo hudson play in corrie,NQ,natural_questions
1995,which player scored the most goals for england in the 2006 fifa world cup,NQ,natural_questions
1996,who played harry on sex and the city,NQ,natural_questions
1997,who won best boy band i heart radio,NQ,natural_questions
1998,what bar is the song i love this bar about,NQ,natural_questions
1999,when did harley quinn first appear in batman comics,NQ,natural_questions
